id,Title
5114,Fullmetal Alchemist: Brotherhood
38524,Shingeki no Kyojin Season 3 Part 2
9253,Steins;Gate
42938,Fruits Basket: The Final
28977,Gintama°
11061,Hunter x Hunter (2011)
9969,Gintama'
15417,Gintama': Enchousen
35180,3-gatsu no Lion 2nd Season
34096,Gintama.
4181,Clannad: After Story
918,Gintama
40028,Shingeki no Kyojin: The Final Season
2904,Code Geass: Hangyaku no Lelouch R2
35247,Owarimonogatari 2nd Season
37491,Gintama.: Shirogane no Tamashii-hen - Kouhan-sen
36838,Gintama.: Shirogane no Tamashii-hen
32935,Haikyuu!!: Karasuno Koukou vs. Shiratorizawa Gakuen Koukou
37510,Mob Psycho 100 II
46102,Odd Taxi
19,Monster
17074,Monogatari Series: Second Season
33095,Shouwa Genroku Rakugo Shinjuu: Sukeroku Futatabi-hen
1,Cowboy Bebop
40748,Jujutsu Kaisen (TV)
24701,Mushishi Zoku Shou 2nd Season
263,Hajime no Ippo
37521,Vinland Saga
21939,Mushishi Zoku Shou
1575,Code Geass: Hangyaku no Lelouch
34599,Made in Abyss
245,Great Teacher Onizuka
23273,Shigatsu wa Kimi no Uso
457,Mushishi
2921,Ashita no Joe 2
28891,Haikyuu!! Second Season
40591,Kaguya-sama wa Kokurasetai?: Tensai-tachi no Renai Zunousen
5258,Hajime no Ippo: New Challenger
11665,Natsume Yuujinchou Shi
2001,Tengen Toppa Gurren Lagann
33352,Violet Evergarden
34591,Natsume Yuujinchou Roku
35760,Shingeki no Kyojin Season 3
1535,Death Note
22135,Ping Pong the Animation
7785,Yojouhan Shinwa Taikei
19647,Hajime no Ippo: Rising
37991,JoJo no Kimyou na Bouken Part 5: Ougon no Kaze
10379,Natsume Yuujinchou San
28735,Shouwa Genroku Rakugo Shinjuu
37779,Yakusoku no Neverland
32983,Natsume Yuujinchou Go
21,One Piece
11741,Fate/Zero 2nd Season
40417,Fruits Basket 2nd Season
41025,Fumetsu no Anata e
38000,Kimetsu no Yaiba
5300,Zoku Natsume Yuujinchou
12365,Bakuman. 3rd Season
42203,Re:Zero kara Hajimeru Isekai Seikatsu 2nd Season Part 2
35839,Sora yori mo Tooi Basho
38474,Yuru Camp△ Season 2
40776,Haikyuu!!: To the Top 2nd Season
35843,Gintama.: Porori-hen
801,Koukaku Kidoutai: Stand Alone Complex 2nd GIG
30276,One Punch Man
170,Slam Dunk
46095,Vivy: Fluorite Eye's Song
30654,Ansatsu Kyoushitsu 2nd Season
3297,Aria the Origination
6114,Rainbow: Nisha Rokubou no Shichinin
16498,Shingeki no Kyojin
30484,Steins;Gate 0
12431,Uchuu Kyoudai
205,Samurai Champloo
36649,Banana Fish
31933,JoJo no Kimyou na Bouken Part 4: Diamond wa Kudakenai
33,Kenpuu Denki Berserk
37379,Chihayafuru 3
25777,Shingeki no Kyojin Season 2
877,Nana
20583,Haikyuu!!
32182,Mob Psycho 100
10165,Nichijou
31181,Owarimonogatari
34612,Saiki Kusuo no Ψ-nan 2
392,Yuu☆Yuu☆Hakusho
40059,Golden Kamuy 3rd Season
39247,Kobayashi-san Chi no Maid Dragon S
467,Koukaku Kidoutai: Stand Alone Complex
2246,Mononoke
33255,Saiki Kusuo no Ψ-nan
26055,JoJo no Kimyou na Bouken Part 3: Stardust Crusaders 2nd Season
5028,Major S5
37105,Grand Blue
37965,Kaze ga Tsuyoku Fuiteiru
39587,Re:Zero kara Hajimeru Isekai Seikatsu 2nd Season
41487,Tensei shitara Slime Datta Ken 2nd Season Part 2
39808,Non Non Biyori Nonstop
39551,Tensei shitara Slime Datta Ken 2nd Season
39547,Yahari Ore no Seishun Love Comedy wa Machigatteiru. Kan
31646,3-gatsu no Lion
14397,Chihayafuru 2
5941,Cross Game
37999,Kaguya-sama wa Kokurasetai: Tensai-tachi no Renai Zunousen
38889,Kono Oto Tomare! 2nd Season
2251,Baccano!
22789,Barakamon
35557,Houseki no Kuni (TV)
136,Hunter x Hunter
10162,Usagi Drop
40682,Kingdom 3rd Season
10030,Bakuman. 2nd Season
39535,Mushoku Tensei: Isekai Ittara Honki Dasu
9989,Ano Hi Mita Hana no Namae wo Bokutachi wa Mada Shiranai.
17389,Kingdom 2nd Season
22535,Kiseijuu: Sei no Kakuritsu
38883,Haikyuu!!: To the Top
9756,Mahou Shoujo Madoka★Magica
7655,Major S6
13601,Psycho-Pass
5040,One Outs
5341,Ookami to Koushinryou II
5081,Bakemonogatari
39533,Given
6594,Katanagatari
31043,Boku dake ga Inai Machi
5420,Kemono no Souja Erin
2559,Romeo no Aoi Sora
12531,Sakamichi no Apollon
338,Versailles no Bara
4081,Natsume Yuujinchou
30,Neon Genesis Evangelion
13125,Shinsekai yori
25835,Shirobako
28701,Fate/stay night: Unlimited Blade Works 2nd Season
10087,Fate/Zero
486,Kino no Tabi: The Beautiful World
24415,Kuroko no Basket 3rd Season
1210,NHK ni Youkoso!
37450,Seishun Buta Yarou wa Bunny Girl Senpai no Yume wo Minai
57,Beck
30230,Diamond no Ace: Second Season
38691,Dr. Stone
40052,Great Pretender
1698,Nodame Cantabile
45,Rurouni Kenshin: Meiji Kenkaku Romantan
329,Planetes
31988,Hibike! Euphonium 2
185,Initial D First Stage
32937,Kono Subarashii Sekai ni Shukufuku wo! 2
2402,Ashita no Joe
19363,Gin no Saji 2nd Season
3002,Gyakkyou Burai Kaiji: Ultimate Survivor
42249,Tokyo Revengers
31240,Re:Zero kara Hajimeru Isekai Seikatsu
34798,Yuru Camp△
11843,Danshi Koukousei no Nichijou
5690,Nodame Cantabile: Finale
23327,Space☆Dandy 2nd Season
2966,Ookami to Koushinryou
23847,Yahari Ore no Seishun Love Comedy wa Machigatteiru. Zoku
10271,Gyakkyou Burai Kaiji: Hakairoku-hen
16894,Kuroko no Basket 2nd Season
18115,Magi: The Kingdom of Magic
627,Major S1
1842,Major S3
38731,Diamond no Ace: Act II
1142,Hachimitsu to Clover II
22507,Initial D Final Stage
40729,Nomad: Megalo Box 2
9863,SKET Dance
3091,xxxHOLiC Kei
28171,Shokugeki no Souma
6,Trigun
33486,Boku no Hero Academia 2nd Season
558,Major S2
33051,Mobile Suit Gundam: Iron-Blooded Orphans 2nd Season
38680,Fruits Basket 1st Season
37989,Golden Kamuy 2nd Season
42897,Horimiya
3226,Major S4
38481,Toaru Kagaku no Railgun T
43325,Yuukoku no Moriarty 2nd Season
7674,Bakuman.
10800,Chihayafuru
37520,Dororo
1889,Higurashi no Naku Koro ni Kai
6811,InuYasha: Kanketsu-hen
18195,Little Busters!: Refrain
41457,86
34636,Ballroom e Youkoso
32867,Bungou Stray Dogs 2nd Season
40852,Dr. Stone: Stone Wars
22297,Fate/stay night: Unlimited Blade Works
1735,Naruto: Shippuuden
23623,Non Non Biyori Repeat
30503,Noragami Aragoto
32843,Senki Zesshou Symphogear XV
440,Shoujo Kakumei Utena
35838,Shoujo Shuumatsu Ryokou
962,Aria the Natural
37171,Asobi Asobase
38003,Bungou Stray Dogs 3rd Season
1453,Maison Ikkoku
1519,Black Lagoon: The Second Barrage
28223,Death Parade
36296,Hinamatsuri (TV)
853,Ouran Koukou Host Club
11597,Nisemonogatari
4224,Toradora!
239,Gankutsuou
25681,Kamisama Hajimemashita◎
39783,5-toubun no Hanayome ∬
36456,Boku no Hero Academia 3rd Season
235,Detective Conan
39792,Eizouken ni wa Te wo Dasu na!
7791,K-On!!
3701,Kaiba
1604,Katekyo Hitman Reborn!
35857,Lupin III: Part 5
4477,Nodame Cantabile: Paris-hen
1827,Seirei no Moribito
2150,Tanoshii Muumin Ikka
19815,No Game No Life
13759,Sakura-sou no Pet na Kanojo
32282,Shokugeki no Souma: Ni no Sara
232,Cardcaptor Sakura
813,Dragon Ball Z
6746,Durarara!!
121,Fullmetal Alchemist
40815,Honzuki no Gekokujou: Shisho ni Naru Tame ni wa Shudan wo Erandeiraremasen 2nd Season
37962,IDOLiSH7: Second Beat!
18,Initial D Fourth Stage
30831,Kono Subarashii Sekai ni Shukufuku wo!
721,Princess Tutu
34822,Tsuki ga Kirei
186,Initial D Second Stage
39198,Kanata no Astra
8129,Kuragehime
2581,Mobile Suit Gundam 00
12189,Hyouka
28025,Tsukimonogatari
34076,Uchouten Kazoku 2
4722,Skip Beat!
23283,Zankyou no Terror
6547,Angel Beats!
24833,Ansatsu Kyoushitsu
18689,Diamond no Ace
11771,Kuroko no Basket
2025,Darker than Black: Kuro no Keiyakusha
16918,Gin no Saji
38993,Karakai Jouzu no Takagi-san 2
22145,Kuroshitsuji: Book of Circus
3927,Mobile Suit Gundam 00 Second Season
44235,Pui Pui Molcar
37430,Tensei shitara Slime Datta Ken
24277,Yowamushi Pedal: Grande Road
40911,Yuukoku no Moriarty
1559,Shijou Saikyou no Deshi Kenichi
40907,World Trigger 2nd Season
38668,Dorohedoro
135,Hikaru no Go
20899,JoJo no Kimyou na Bouken Part 3: Stardust Crusaders
302,Mirai Shounen Conan
39592,Mobile Suit Gundam: The Origin - Advent of the Red Comet
2164,Dennou Coil
27833,Durarara!!x2 Ketsu
8425,Gosick
237,Koukyoushihen Eureka Seven
35062,Mahoutsukai no Yome
35788,Shokugeki no Souma: San no Sara
1974,Glass no Kamen (2005)
15059,Initial D Fifth Stage
18679,Kill la Kill
1471,City Hunter 2
72,Full Metal Panic? Fumoffu
14713,Kamisama Hajimemashita
41402,Mairimashita! Iruma-kun 2nd Season
1914,Saiunkoku Monogatari 2nd Season
40174,Zombieland Saga: Revenge
339,Serial Experiments Lain
153,Juuni Kokuki
16706,Kami nomi zo Shiru Sekai: Megami-hen
25013,Akatsuki no Yona
27663,Baby Steps 2nd Season
37870,BanG Dream! 3rd Season
889,Black Lagoon
2167,Clannad
1482,D.Gray-man
589,Ginga Nagareboshi Gin
16,Hachimitsu to Clover
1486,Kodomo no Omocha (TV)
2034,Lovely★Complex
14513,Magi: The Labyrinth of Magic
16067,Nagi no Asu kara
42923,SK∞
16049,Toaru Kagaku no Railgun S
6211,Tokyo Magnitude 8.0
14813,Yahari Ore no Seishun Love Comedy wa Machigatteiru.
535,Slayers Next
34572,Black Clover
4789,ef: A Tale of Melodies.
7054,Kaichou wa Maid-sama!
41169,Love Live! Superstar!!
31251,Mobile Suit Gundam: Iron-Blooded Orphans
39570,High Score Girl II
39468,Honzuki no Gekokujou: Shisho ni Naru Tame ni wa Shudan wo Erandeiraremasen
7720,Ookiku Furikabutte: Natsu no Taikai-hen
36949,Shokugeki no Souma: San no Sara - Tootsuki Ressha-hen
30015,ReLIFE
846,School Rumble Ni Gakki
35790,Tate no Yuusha no Nariagari
1065,Touch
31964,Boku no Hero Academia
38408,Boku no Hero Academia 4th Season
23199,Durarara!!x2 Shou
12031,Kingdom
40397,Maoujou de Oyasumi
2004,Hanada Shounen-shi
40716,Kakushigoto (TV)
6045,Kimi ni Todoke
9656,Kimi ni Todoke 2nd Season
33206,Kobayashi-san Chi no Maid Dragon
25879,Working!!!
861,xxxHOLiC
31174,Osomatsu-san
5682,Phantom: Requiem for the Phantom
42941,Uma Musume: Pretty Derby (TV) Season 2
31173,Akagami no Shirayuki-hime 2nd Season
27831,Durarara!!x2 Ten
27989,Hibike! Euphonium
387,Haibane Renmei
9996,Hyouge Mono
1530,Kanon (2006)
77,Mahou Shoujo Lyrical Nanoha A's
20507,Noragami
10049,Nurarihyon no Mago: Sennen Makyou
32615,Youjo Senki
18179,Yowamushi Pedal
66,Azumanga Daioh
40935,Beastars 2nd Season
223,Dragon Ball
21855,Hanamonogatari
967,Hokuto no Ken
14719,JoJo no Kimyou na Bouken (TV)
5678,Kobato.
17265,Log Horizon
10721,Mawaru Penguindrum
11739,Kimi to Boku. 2
2076,Kindaichi Shounen no Jikenbo
6774,Kuuchuu Buranko
15689,Nekomonogatari: Kuro
14075,Zetsuen no Tempest
17549,Non Non Biyori
43299,Wonder Egg Priority
35968,Wotaku ni Koi wa Muzukashii
39195,Beastars
73,Full Metal Panic! The Second Raid
38337,Gochuumon wa Usagi Desu ka? Bloom
15,Eyeshield 21
38084,Fate/Grand Order: Zettai Majuu Sensen Babylonia
122,Full Moon wo Sagashite
9289,Hanasaku Iroha
11239,Hidamari Sketch x Honeycomb
48488,Higurashi no Naku Koro ni Sotsu
20,Naruto
658,Touhai Densetsu Akagi: Yami ni Maiorita Tensai
28,Yakitate!! Japan
30279,Yuru Yuri San☆Hai!
2159,Ookiku Furikabutte
28297,Ore Monogatari!!
29803,Overlord
37675,Overlord III
27775,Plastic Memories
2924,ef: A Tale of Memories.
3907,Ginga Sengoku Gunyuuden Rai
996,Bishoujo Senshi Sailor Moon: Sailor Stars
37435,Carole & Tuesday
1470,City Hunter
31339,Drifters
7062,Hidamari Sketch x ☆☆☆
934,Higurashi no Naku Koro ni
2829,Ie Naki Ko Remy
1594,Jigoku Shoujo Futakomori
13331,Jormungand: Perfect Order
427,Kaleido Star
10080,Kami nomi zo Shiru Sekai II
27947,Lupin III (2015)
1088,Macross
957,Saiunkoku Monogatari
114,Sakigake!! Cromartie Koukou
24,School Rumble
11123,Sekaiichi Hatsukoi 2
12815,Shirokuma Cafe
2618,Takarajima
41389,Tonikaku Kawaii
31098,Ushio to Tora (TV) 2nd Season
37786,Yagate Kimi ni Naru
3228,Zoku Sayonara Zetsubou Sensei
2158,Terra e... (TV)
9941,Tiger & Bunny
32995,Yuri!!! on Ice
790,Ergo Proxy
3572,Macross F
23289,Gekkan Shoujo Nozaki-kun
45577,IDOLiSH7: Third Beat!
36563,Megalo Box
85,Mobile Suit Zeta Gundam
6377,Zan Sayonara Zetsubou Sensei
2605,Sayonara Zetsubou Sensei
9513,Beelzebub
35075,Hoozuki no Reitetsu 2nd Season
20057,Space☆Dandy
32093,Tanaka-kun wa Itsumo Kedaruge
22,Tennis no Ouji-sama
6582,Tentai Senshi Sunred 2nd Season
48580,Vanitas no Karte
17909,Uchouten Kazoku
35222,Gakuen Babysitters
40046,Id:Invaded
38080,Kono Oto Tomare!
1695,Les Misérables: Shoujo Cosette
31741,Magi: Sinbad no Bouken (TV)
25517,Magic Kaito 1412
532,Bishoujo Senshi Sailor Moon S
42250,Bungou Stray Dogs Wan!
33489,Little Witch Academia (TV)
569,Musekinin Kanchou Tylor
400,Seihou Bukyou Outlaw Star
3588,Soul Eater
849,Suzumiya Haruhi no Yuuutsu
12445,Tasogare Otome x Amnesia
10521,Working'!!
6586,Yume-iro Pâtissière
1485,Akachan to Boku
40904,Bokutachi no Remake
2035,Eikoku Koi Monogatari Emma: Molders-hen
267,Gungrave
37029,Hoozuki no Reitetsu 2nd Season: Sono Ni
2762,Igano Kabamaru
249,InuYasha
34745,Mahoujin Guruguru (2017)
4087,Michiko to Hatchin
36028,Golden Kamuy
5680,K-On!
34451,Kekkai Sensen & Beyond
322,Paradise Kiss
35507,Youkoso Jitsuryoku Shijou Shugi no Kyoushitsu e (TV)
12403,Yuru Yuri♪♪
397,Seikai no Senki II
32998,91 Days
21185,Baby Steps
3604,Hidamari Sketch x 365
21877,High Score Girl
39534,Jibaku Shounen Hanako-kun
12413,Jormungand
253,Jungle wa Itsumo Hare nochi Guu
388,Capeta
29095,Grisaia no Rakuen
1172,Slayers Try
39575,Somali to Mori no Kamisama
202,Wolf's Rain
890,Yuusha-Ou GaoGaiGar
7588,Saraiya Goyou
269,Bleach
1472,City Hunter 3
29787,Gochuumon wa Usagi Desu ka??
97,Last Exile
31478,Bungou Stray Dogs
15809,Hataraku Maou-sama!
5630,Higashi no Eden
11887,Kokoro Connect
795,Oniisama e...
22319,Tokyo Ghoul
23755,Nanatsu no Taizai
30727,Saenai Heroine no Sodatekata ♭
5005,Tentai Senshi Sunred
1571,Ghost Hunt
1491,Ginga Tetsudou 999
7645,Heartcatch Precure!
20431,Hoozuki no Reitetsu
2828,Ie Naki Ko
4814,Junjou Romantica 2
4080,Kyou kara Maou! 3rd Series
1425,Lupin III: Part II
3750,Maria-sama ga Miteru 4th
19111,Love Live! School Idol Project 2nd Season
13203,Lupin the Third: Mine Fujiko to Iu Onna
43439,Shadows House
154,Shaman King
7724,Shiki
30123,Akagami no Shirayuki-hime
552,Digimon Adventure
2508,Genshiken 2
17895,Golden Time
10357,Jinrui wa Suitai Shimashita
80,Mobile Suit Gundam
93,Mobile Suit Gundam SEED
28999,Charlotte
1473,City Hunter '91
1818,Claymore
19319,Gundam Build Fighters
18153,Kyoukai no Kanata
19703,Kyousou Giga (TV)
35073,Overlord II
210,Ranma ½
8311,Tegamibachi Reverse
26,Texhnolyze
1254,Saint Seiya
39940,Shokugeki no Souma: Shin no Sara
24893,Sidonia no Kishi: Daikyuu Wakusei Seneki
407,Tantei Gakuen Q
32673,Udon no Kuni no Kiniro Kemari
479,Ueki no Housoku
40956,Enen no Shouboutai: Ni no Shou
31637,"Gate: Jieitai Kanochi nite, Kaku Tatakaeri 2nd Season"
3545,Kochira Katsushikaku Kameari Kouenmae Hashutsujo
1887,Lucky☆Star
9074,Arakawa Under the Bridge x Bridge
6024,Chi's Sweet Home: Atarashii Ouchi
14741,Chuunibyou demo Koi ga Shitai!
38145,"Doukyonin wa Hiza, Tokidoki, Atama no Ue."
36593,Hug tto! Precure
534,Slayers
1562,Yamato Nadeshiko Shichihenge♥
34914,New Game!!
9926,Sekaiichi Hatsukoi
5074,Tetsuwan Birdy Decode:02
1375,Watashi no Ashinaga Ojisan
8516,Baka to Test to Shoukanjuu Ni!
31733,Bishoujo Senshi Sailor Moon Crystal Season III
32370,D.Gray-man Hallow
5835,Hanasakeru Seishounen
33899,IDOLiSH7
35860,Karakai Jouzu no Takagi-san
41530,Magia Record: Mahou Shoujo Madoka☆Magica Gaiden (TV) 2nd Season
37924,Ani ni Tsukeru Kusuri wa Nai! 2
7193,Aoi Bungaku Series
28907,"Gate: Jieitai Kanochi nite, Kaku Tatakaeri"
8426,Hourou Musuko
39196,Mairimashita! Iruma-kun
34577,Nanatsu no Taizai: Imashime no Fukkatsu
8795,Panty & Stocking with Garterbelt
35240,Princess Principal
20847,Seitokai Yakuindomo*
2104,Seto no Hanayome
709,Mujin Wakusei Survive
2582,Soukou Kihei Votoms
13535,Binbougami ga!
966,Crayon Shin-chan
2471,Doraemon (1979)
6033,Dragon Ball Kai
31433,Ginga Eiyuu Densetsu: Die Neue These - Kaikou
28669,Go! Princess Precure
4192,Hayate no Gotoku!!
38619,Joshikousei no Mudazukai
4898,Kuroshitsuji
90,Mobile Suit Gundam Wing
21405,Bokura wa Minna Kawai-sou
1281,Gakkou no Kaidan
25649,Junjou Romantica 3
8525,Kami nomi zo Shiru Sekai
31764,Nejimaki Seirei Senki: Tenkyou no Alderamin
396,Seikai no Senki
582,Sexy Commando Gaiden: Sugoi yo!! Masaru-san
33502,Shuumatsu Nani Shitemasu ka? Isogashii Desu ka? Sukutte Moratte Ii Desu ka?
2451,Space Cobra
1279,Taiyou no Ko Esteban
6213,Toaru Kagaku no Railgun
95,Turn A Gundam
1000,Uchuu Kaizoku Captain Herlock
5530,Pandora Hearts
5485,Shin Mazinger Shougeki! Z-hen
48849,Sonny Boy
182,Tenkuu no Escaflowne
12883,Tsuritama
283,Akage no Anne
28249,Arslan Senki (TV)
530,Bishoujo Senshi Sailor Moon
740,Bishoujo Senshi Sailor Moon R
3841,Chi's Sweet Home
32491,Kanojo to Kanojo no Neko: Everything Flows
516,Keroro Gunsou
10460,Kimi to Boku.
9510,Mitsudomoe Zouryouchuu!
477,Aria the Animation
22043,Fairy Tail (2014)
120,Fruits Basket
106,Hana yori Dango
34542,Inuyashiki
324,Kidou Keisatsu Patlabor: On Television
251,Kyou kara Maou!
2963,Minami-ke
14511,Minami-ke Tadaima
323,Mousou Dairinin
290,Seikai no Monshou
1293,Urusei Yatsura
6956,Working!!
12021,Poyopoyo Kansatsu Nikki
2547,Shoukoujo Sara
19775,Sidonia no Kishi
18245,White Album 2
31783,Yowamushi Pedal: New Generation
37956,3D Kanojo: Real Girl 2nd Season
38101,5-toubun no Hanayome
33337,ACCA: 13-ku Kansatsu-ka
39959,Ani ni Tsukeru Kusuri wa Nai! 3
22777,Dragon Ball Kai (2014)
38671,Enen no Shouboutai
32979,Flip Flappers
31859,Hai to Gensou no Grimgar
31227,Kindaichi Shounen no Jikenbo Returns 2nd Season
41433,Akudama Drive
21995,Ao Haru Ride
39681,D4DJ: First Mix
1412,Lupin III
39071,Machikado Mazoku
444,Maria-sama ga Miteru: Haru
30240,Prison School
18119,Servant x Service
21843,Shingeki no Bahamut: Genesis
856,Utawarerumono
34284,Yuuki Yuuna wa Yuusha de Aru: Washio Sumi no Shou
34445,Yuuki Yuuna wa Yuusha de Aru: Yuusha no Shou
1690,Bokura no
33354,Cardcaptor Sakura: Clear Card-hen
22265,Free!: Eternal Summer
240,Genshiken
36094,Hakumei to Mikochi
488,Ichigo Mashimaro
160,"Ima, Soko ni Iru Boku"
33253,Ajin 2nd Season
14941,AKB0048: Next Stage
150,Blood+
60,Chrno Crusade
233,Daa! Daa! Daa!
345,Eikoku Koi Monogatari Emma
71,Full Metal Panic!
74,Gakuen Alice
18055,Hakkenden: Touhou Hakken Ibun 2nd Season
228,Jigoku Shoujo
3713,Jigoku Shoujo Mitsuganae
1915,Mahou Shoujo Lyrical Nanoha StrikerS
31592,Pokemon XY&Z
65,Rozen Maiden: Träumend
22101,Soredemo Sekai wa Utsukushii
6444,Tegamibachi
7592,Nurarihyon no Mago
28927,Owari no Seraph: Nagoya Kessen-hen
1699,Romeo x Juliet
35503,Shoujo☆Kageki Revue Starlight
2557,Trapp Ikka Monogatari
32977,Aggressive Retsuko
32948,Fune wo Amu
123,Fushigi Yuugi
24439,Kekkai Sensen
951,Chibi Maruko-chan
110,Chuuka Ichiban!
874,Digimon Tamers
4725,Ga-Rei: Zero
24765,Gakkougurashi!
18897,Nisekoi
32729,Orange
42282,Otome Game no Hametsu Flag shika Nai Akuyaku Reijou ni Tensei shiteshimatta... X
30549,Soukyuu no Fafner: Dead Aggressor - Exodus 2nd Season
10278,The iDOLM@STER
34902,Tsurezure Children
353,Ojamajo Doremi Dokkaan!
36513,Rokuhoudou Yotsuiro Biyori
40392,Runway de Waratte
5507,Senjou no Valkyria
36653,Tsurune: Kazemai Koukou Kyuudoubu
43756,Bakuten!!
6702,Fairy Tail
5231,Inazuma Eleven
1606,Kekkaishi (TV)
5494,Konnichiwa Anne: Before Green Gables
331,Mahoujin Guruguru
2985,Majin Tantei Nougami Neuro
2213,Black Jack (TV)
2229,Dragon Quest: Dai no Daibouken (TV)
132,GetBackers
9065,Hakuouki Hekketsuroku
27991,K: Return of Kings
40221,Kami no Tou
145,Kareshi Kanojo no Jijou
35079,Kino no Tabi: The Beautiful World - The Animated Series
23321,Log Horizon 2nd Season
1483,Master Keaton
584,Noein: Mou Hitori no Kimi e
35067,Osomatsu-san 2nd Season
969,Tsubasa Chronicle 2nd Season
28677,Yamada-kun to 7-nin no Majo (TV)
31953,New Game!
39355,Radiant 2nd Season
32836,Senki Zesshou Symphogear AXZ
2787,Shakugan no Shana II (Second)
39597,Sword Art Online: Alicization - War of Underworld
29854,Ushio to Tora (TV)
10495,Yuru Yuri
7647,Arakawa Under the Bridge
1239,Bishoujo Senshi Sailor Moon SuperS
33988,Demi-chan wa Kataritai
28121,Dungeon ni Deai wo Motomeru no wa Machigatteiru Darou ka
36704,Free!: Dive to the Future
31931,Full Metal Panic! Invisible Victory
37141,Hataraku Saibou (TV)
3092,Junjou Romantica
32792,Mobile Suit Gundam Unicorn RE:0096
1946,Ashita no Nadja
37869,BanG Dream! 2nd Season
129,Gensoumaden Saiyuuki
37007,Hinomaruzumou
40879,Love Live! Nijigasaki Gakuen School Idol Doukoukai
42590,Mashiro no Oto
3001,Moyashimon
24135,Nobunaga Concerto
32542,Sakamoto Desu ga?
8675,Seitokai Yakuindomo
8937,Toaru Majutsu no Index II
32681,Uchuu Patrol Luluco
1650,Uchuu Senkan Yamato
24405,World Trigger
35789,Yowamushi Pedal: Glory Line
9441,Yume-iro Pâtissière SP Professional
340,Mutsu Enmei Ryuu Gaiden: Shura no Toki
3673,Nijuu Mensou no Musume
10161,No.6
2112,Over Drive
1557,Shounen Onmyouji
2558,Wakakusa Monogatari: Nan to Jo-sensei
16241,"Yondemasu yo, Azazel-san. Z"
880,Aa! Megami-sama!: Sorezore no Tsubasa
6347,Baka to Test to Shoukanjuu
67,Basilisk: Kouga Ninpou Chou
2214,Black Jack 21
8086,Densetsu no Yuusha no Densetsu
37958,Fukigen na Mononokean Tsuzuki
23251,Gugure! Kokkuri-san
2405,Hello! Lady Lynn
37972,Hoshiai no Sora
17,Hungry Heart: Wild Striker
34973,Love Live! Sunshine!! 2nd Season
5162,Minami-ke Okaeri
7627,Mitsudomoe
8687,Doraemon (2005)
7661,Giant Killing
38790,Itai no wa Iya nano de Bougyoryoku ni Kyokufuri Shitai to Omoimasu.
33089,Kemono Friends
96,Mobile Fighter G Gundam
708,Patapata Hikousen no Bouken
34561,Re:Creators
18139,Tonari no Seki-kun
40620,Uramichi Oniisan
6634,Sengoku Basara Ni
11371,Shin Tennis no Ouji-sama
2562,Shion no Ou
34547,Shoukoku no Altair
6802,So Ra No Wo To
36474,Sword Art Online: Alicization
36470,Tada-kun wa Koi wo Shinai
15731,Tamayura: More Aggressive
21435,Yama no Susume: Second Season
35672,Yama no Susume: Third Season
9919,Ao no Exorcist
41587,Boku no Hero Academia 5th Season
18671,Chuunibyou demo Koi ga Shitai! Ren
20031,D-Frag!
41694,Hataraku Saibou Black (TV)
2026,Hayate no Gotoku!
1356,Hokuto no Ken 2
914,Ike! Ina-chuu Takkyuubu
21327,Isshuukan Friends.
40571,Majo no Tabitabi
2800,Candy Candy
226,Elfen Lied
455,Fantastic Children
31706,Fate/kaleid liner Prisma☆Illya 3rei!!
41120,Fugou Keiji: Balance:Unlimited
2002,Heroic Age
2012,Jigoku Sensei Nube
1567,Kaitou Saint Tail
1087,Kimagure Orange☆Road
40504,Major 2nd (TV) 2nd Season
2549,Perrine Monogatari
209,R.O.D: The TV
6773,Shakugan no Shana III (Final)
10033,Toriko
177,Tsubasa Chronicle
43523,Tsuki ga Michibiku Isekai Douchuu
46093,Shiroi Suna no Aquatope
3470,Special A
1372,Taiho Shichau zo (TV)
567,The Big O
10216,"Yondemasu yo, Azazel-san. (TV)"
32717,Aikatsu Stars!
35972,Fairy Tail: Final Series
1251,Fushigi no Umi no Nadia
14131,Girls & Panzer
852,Gokinjo Monogatari
4039,Golgo 13 (TV)
37497,Irozuku Sekai no Ashita kara
22817,Kindaichi Shounen no Jikenbo Returns
250,Konjiki no Gash Bell!!
35241,Konohana Kitan
10790,Kore wa Zombie Desu ka? of the Dead
32828,Amaama to Inazuma
31821,Arslan Senki (TV): Fuujin Ranbu
4981,Casshern Sins
31376,Flying Witch
17729,Grisaia no Kajitsu
23269,Hello!! Kiniro Mosaic
40010,Ishuzoku Reviewers
10568,Kamisama no Memochou
34984,Koi wa Ameagari no You ni
12487,Kyoukaisenjou no Horizon II
1563,Magic Knight Rayearth II
15315,Mondaiji-tachi ga Isekai kara Kuru Sou Desu yo?
38659,Shinchou Yuusha: Kono Yuusha ga Ore Tueee Kuse ni Shinchou Sugiru
3369,Shoubushi Densetsu Tetsuya
41488,Tensura Nikki: Tensei shitara Slime Datta Ken
1985,UFO Robo Grendizer
37976,Zombieland Saga
1212,Oban Star-Racers
10588,Persona 4 the Animation
17249,Pretty Rhythm: Rainbow Live
23277,Saenai Heroine no Sodatekata
37426,Sarazanmai
8407,Sora no Otoshimono: Forte
14227,Tonari no Kaibutsu-kun
16005,Zettai Karen Children: The Unlimited - Hyoubu Kyousuke
29,Zipang
857,Air Gear
11111,Another
21743,Donten ni Warau
587,Hanbun no Tsuki ga Noboru Sora
15451,High School DxD New
36754,Kakuriyo no Yadomeshi
218,Kidou Senkan Nadesico
13655,Little Busters!
12291,Acchi Kocchi (TV)
22147,Amagi Brilliant Park
21273,Gochuumon wa Usagi Desu ka?
42625,Heion Sedai no Idaten-tachi
379,Heppoko Jikken Animation Excel♥Saga
37614,Hitoribocchi no Marumaru Seikatsu
42361,"Ijiranaide, Nagatoro-san"
2227,Lady Lady!!
36522,Ling Qi 2
38555,Otome Game no Hametsu Flag shika Nai Akuyaku Reijou ni Tensei shiteshimatta...
39491,Psycho-Pass 3
26243,Owari no Seraph
30296,Rakudai Kishi no Cavalry
355,Shakugan no Shana
10378,Shinryaku!? Ika Musume
5712,Tanoshii Muumin Ikka Bouken Nikki
16011,Tokyo Ravens
18497,Yozakura Quartet: Hana no Uta
22199,Akame ga Kill!
1050,Bobobo-bo Bo-bobo
270,Hellsing
36220,Itsudatte Bokura no Koi wa 10 cm Datta.
12679,Joshiraku
10620,Mirai Nikki (TV)
13349,Chouyaku Hyakuninisshu: Uta Koi.
3731,Itazura na Kiss
20785,Mahouka Koukou no Rettousei
3420,Shigofumi
16524,Suisei no Gargantia
40685,Super Cub
11319,Zero no Tsukaima F
593,Mugen no Ryvius
34262,Oushitsu Kyoushi Heine
5671,Saki
1608,Salaryman Kintarou
166,Samurai 7
40870,SSSS.Dynazenon
13663,To LOVE-Ru Darkness
28979,To LOVE-Ru Darkness 2nd
3613,Toshokan Sensou
39469,Tsugu Tsugumomo
691,Yawara!
33731,Gabriel DropOut
10793,Guilty Crown
14467,K
334,Marmalade Boy
102,Aishiteruze Baby★★
35015,Ani ni Tsukeru Kusuri wa Nai!
11433,Ano Natsu de Matteru
6573,Darker than Black: Ryuusei no Gemini
364,Gallery Fake
2409,Gokudou-kun Manyuuki
13115,Hakuouki Reimeiroku
37475,Kishuku Gakkou no Juliet
37984,"Kumo Desu ga, Nani ka?"
435,Magic Knight Rayearth
8476,Otome Youkai Zakuro
18523,Senyuu. 2
1642,Sugar Sugar Rune
14289,Sukitte Ii na yo.
200,Tenshi na Konamaiki
481,Yu☆Gi☆Oh! Duel Monsters
15793,Senki Zesshou Symphogear G
30736,Shingeki no Bahamut: Virgin Soul
2596,Shinreigari
3974,Tetsuwan Birdy Decode
1459,Uchuu no Kishi Tekkaman Blade
2608,Wangan Midnight
1840,Zero no Tsukaima: Futatsuki no Kishi
31580,Ajin
35821,Chio-chan no Tsuugakuro
40454,Dungeon ni Deai wo Motomeru no wa Machigatteiru Darou ka III
18465,Genshiken Nidaime
551,Grappler Baki: Saidai Tournament-hen
1852,Hidamari Sketch
142,Kamikaze Kaitou Jeanne
1579,Kiniro no Corda: Primo Passo
36565,Major 2nd (TV)
33028,Danganronpa 3: The End of Kibougamine Gakuen - Zetsubou-hen
24703,High School DxD BorN
2037,Hime-chan no Ribbon
48753,Jahy-sama wa Kujikenai!
40908,Kemono Jihen
9834,Level E
98,Mai-HiME
37890,Oshi ga Budoukan Ittekuretara Shinu
490,Paniponi Dash!
8557,Shinryaku! Ika Musume
879,Simoun
8726,Soredemo Machi wa Mawatteiru
11933,Oda Nobuna no Yabou
23135,PriPara
64,Rozen Maiden
30187,Sakurako-san no Ashimoto ni wa Shitai ga Umatteiru
40540,Sword Art Online: Alicization - War of Underworld 2nd Season
696,Tenchi Muyou!
33094,WWW.Working!!
38753,Araburu Kisetsu no Otome-domo yo.
586,Ayakashi: Japanese Classic Horror
1069,Chou Denji Machine Voltes V
40056,Deca-Dence
37349,Goblin Slayer
287,Grappler Baki (TV)
9938,Ikoku Meiro no Croisée The Animation
11013,Inu x Boku SS
14527,Medaka Box Abnormal
35828,Miira no Kaikata
22729,Aldnoah.Zero
11235,Amagami SS+ Plus
59,Chobits
32696,Fukigen na Mononokean
242,Gokusen
15613,Hakkenden: Touhou Hakken Ibun
38472,Isekai Quartet
15051,Love Live! School Idol Project
76,Mahou Shoujo Lyrical Nanoha
35078,Mitsuboshi Colors
34134,One Punch Man 2nd Season
21573,Senki Zesshou Symphogear GX
5262,Shugo Chara!! Doki
1651,Uchuu Senkan Yamato 2
156,X
23281,Psycho-Pass 2
327,Puchi Pri*Yucie
165,RahXephon
131,Saiyuuki Reload Gunlock
16123,Saki Zenkoku-hen
2923,Shugo Chara!
25,Sunabouzu
2014,Taiho Shichau zo: Second Season
4654,Toaru Majutsu no Index
181,Vandread: The Second Stage
798,Yomigaeru Sora: Rescue Wings
3972,Yu☆Gi☆Oh! 5D's
36934,Captain Tsubasa (2018)
134,Gunslinger Girl
1663,Haha wo Tazunete Sanzenri
40842,Idoly Pride
31798,Kiznaiver
20541,Mikakunin de Shinkoukei
2548,Ai no Wakakusa Monogatari
1327,Aoki Densetsu Shoot!
40060,BNA
1614,Captain Tsubasa: Road to 2002
35756,Comic Girls
25731,Cross Ange: Tenshi to Ryuu no Rondo
37597,Dakaretai Otoko 1-i ni Odosarete Imasu.
30694,Dragon Ball Super
25183,Gangsta.
35889,Hakata Tonkotsu Ramens
6895,Hakuouki
39730,Houkago Teibou Nisshi
8841,Kore wa Zombie Desu ka?
22693,Lady Jewelpet
37975,Piano no Mori (TV) 2nd Season
130,Saiyuuki Reload
167,Scrapped Princess
38787,Senryuu Shoujo
2216,Shigurui
5233,Slayers Evolution-R
1728,Super GALS! Kotobuki Ran
2203,Waga Seishun no Arcadia: Mugen Kidou SSX
4416,Yuusha-Ou GaoGaiGar Final Grand Glorious Gathering
1060,Oruchuban Ebichu
34494,Sakura Quest
16417,Tamako Market
15061,Aikatsu!
33506,Ao no Exorcist: Kyoto Fujouou-hen
4189,Fuyu no Sonata
23311,Garo: Honoo no Kokuin
32526,Love Live! Sunshine!!
103,Akazukin Chacha
18893,Aoki Hagane no Arpeggio: Ars Nova
2553,Flanders no Inu
4060,Grimm Meisaku Gekijou
32648,Handa-kun
40938,Hige wo Soru. Soshite Joshikousei wo Hirou.
489,Kamichu!
2204,Karakurizoushi Ayatsuri Sakon
1878,Kaze no Shoujo Emily
1454,Kemonozume
1972,Meitantei Holmes
23421,Re:␣Hamatora
2903,Sakigake!! Otokojuku
24037,Selector Spread WIXOSS
2942,Sketchbook: Full Color's
17080,Soukyuu no Fafner: Dead Aggressor - Exodus
10798,Un-Go
183,Whistle!
3199,Nanatsu no Umi no Tico
27787,Nisekoi:
168,s.CRY.ed
20709,Sabage-bu!
5355,Sengoku Basara
113,Uchuu no Stellvia
25519,Yuuki Yuuna wa Yuusha de Aru
15911,Yuyushiki
3712,Zero no Tsukaima: Princesses no Rondo
763,Zoids
12149,AKB0048
501,Doraemon
11617,High School DxD
33654,Hitorijime My Hero
39988,Isekai Quartet 2
8217,Jewelpet Twinkle☆
2330,Jibaku-kun
1021,Kaikan Phrase
3358,Kure-nai
38959,Lord El-Melloi II Sei no Jikenbo: Rail Zeppelin Grace Note
1292,Afro Samurai
1589,Bartender
68,Black Cat (TV)
2813,Chiisana Ahiru no Ooki na Ai no Monogatari: Ahiru no Kwak
29067,Danna ga Nani wo Itteiru ka Wakaranai Ken 2 Sure-me
18507,Free!
344,Futatsu no Spica
33241,Honobono Log
40513,Nami yo Kiitekure
351,Ojamajo Doremi Sharp
38483,Ore wo Suki nano wa Omae dake ka yo
34102,Sakurada Reset
5141,Taishou Yakyuu Musume.
970,Yokoyama Mitsuteru Sangokushi
352,Motto! Ojamajo Doremi
1873,Plawres Sanshirou
10257,Pretty Rhythm: Aurora Dream
48406,Re-Main
238,Rekka no Honoo
38992,Rikei ga Koi ni Ochita no de Shoumei shitemita.
5984,Ristorante Paradiso
38759,Sewayaki Kitsune no Senko-san
30344,The iDOLM@STER Cinderella Girls 2nd Season
3549,Allison to Lillia
14967,Boku wa Tomodachi ga Sukunai Next
40004,Bokutachi wa Benkyou ga Dekinai!
14345,Btooom!
41710,Genjitsu Shugi Yuusha no Oukoku Saikenki
15863,Ginga Kikoutai Majestic Prince
34012,Isekai Shokudou
40496,"Maou Gakuin no Futekigousha: Shijou Saikyou no Maou no Shiso, Tensei shite Shison-tachi no Gakkou e"
50,Aa! Megami-sama! (TV)
26349,Danna ga Nani wo Itteiru ka Wakaranai Ken
35376,Himouto! Umaru-chan R
36884,Hisone to Maso-tan
35413,Imouto sae Ireba Ii.
40839,"Kanojo, Okarishimasu"
483,Kurau Phantom Memory
16353,Love Lab
3225,Minami-ke Okawari
2929,Moonlight Mile 2nd Season: Touch Down
30016,Nanbaka
527,Pokemon
13599,Robotics;Notes
18041,Rozen Maiden (2013)
573,Saber Marionette J
5909,Seitokai no Ichizon
959,Shin Chou Kyou Ryo: Condor Hero
2555,Shoukoushi Cedie
198,Speed Grapher
38578,Star☆Twinkle Precure
34086,Tales of Zestiria the Cross 2nd Season
2129,True Tears
17505,Mushibugyou
1655,Nerima Daikon Brothers
11499,Sankarea
44203,Seirei Gensouki
15751,Senyuu.
7662,Shinrei Tantei Yakumo
40902,Shokugeki no Souma: Gou no Sara
2337,Tetsujin 28-gou (2004)
37993,Watashi ni Tenshi ga Maiorita!
878,Zegapain
4038,Zettai Karen Children
764,Zoids Shinseiki/Zero
8676,Amagami SS
2986,Bamboo Blade
34618,Blend S
1536,Busou Renkin
1391,Future GPX Cyber Formula
3213,Ganbare Genki
14811,GJ-bu
506,Glass no Kamen
21681,Hanayamata
16009,Kamisama no Inai Nichiyoubi
519,Mahoraba: Heartful days
92,After War Gundam X
4186,Chrome Shelled Regios
2817,Cinderella Monogatari
18229,Gatchaman Crowds
476,Ginban Kaleidoscope
33490,Kaitou Joker 4th Season
1426,Lupin III: Part III
158,Maria-sama ga Miteru
161,Peace Maker Kurogane
710,Rec
28497,Rokka no Yuusha
10884,Saki Achiga-hen: Episode of Side-A
5277,Sekirei: Pure Engagement
5958,Sora no Otoshimono
33362,Starmyu 2nd Season
944,The Third: Aoi Hitomi no Shoujo
3859,Top Secret: The Revelation
9181,Motto To LOVE-Ru
6712,Natsu no Arashi! Akinaichuu
31414,Nijiiro Days
33983,Onihei
48252,"Ore, Tsushima"
11179,Papa no Iukoto wo Kikinasai!
32105,Sousei no Onmyouji
6381,Strike Witches 2
38005,Strike Witches: Road to Berlin
2257,Taiyou no Kiba Dagram
10232,Tamayura: Hitotose
13333,Tari Tari
27,Trinity Blood
38186,Bokutachi wa Benkyou ga Dekinai
32189,Danganronpa 3: The End of Kibougamine Gakuen - Mirai-hen
39026,Dumbbell Nan Kilo Moteru?
356,Fate/stay night
36317,Gaikotsu Shotenin Honda-san
39586,Hataraku Saibou!!
5150,Hatsukoi Limited.
34933,Kakegurui
3958,Kannagi
845,Kiba
2927,KimiKiss Pure Rouge
6604,Kuruneko
633,Legend of Basara
40272,A3! Season Autumn & Winter
37403,Ahiru no Sora
101,Air
40532,Appare-Ranman!
11633,Blood Lad
2116,Captain Tsubasa
5684,Fresh Precure!
31500,High School Fleet
6116,Mainichi Kaasan
3342,Mnemosyne: Mnemosyne no Musume-tachi
272,Noir
42391,Osomatsu-san 3rd Season
36652,Piano no Mori (TV)
19291,Pokemon XY
5034,Shikabane Hime: Kuro
960,Shin Chou Kyou Ryo: Condor Hero II
4884,Tales of the Abyss
5832,Tiger Mask Nisei
35249,Uma Musume: Pretty Derby (TV)
5075,Yuusha Keisatsu J-Decker
34863,Zoku Touken Ranbu: Hanamaru
2744,Potemayo
4618,RideBack
1231,Saber Marionette J to X
29786,Shimoneta to Iu Gainen ga Sonzai Shinai Taikutsu na Sekai
5854,Shin Chou Kyou Ryo: Condor Hero III
32175,Shounen Maid
75,Soukyuu no Fafner: Dead Aggressor
855,Strawberry Panic
1195,Zero no Tsukaima
2225,Alps no Shoujo Heidi
282,Angel Heart
6676,Asura Cryin' 2
1222,Bokura ga Ita
4061,Grimm Masterpiece Theater II
6574,Hanamaru Youchien
1590,Legendz: Yomigaeru Ryuuou Densetsu
99,Mai-Otome
11759,Accel World
15109,Cuticle Tantei Inaba
485,Damekko Doubutsu
35849,Darling in the FranXX
1250,Erementar Gerad
653,Galaxy Angel 3
21039,Gatchaman Crowds Insight
20689,Hamatora The Animation
1410,IGPX: Immortal Grand Prix (2005) 2nd Season
18295,Kakumeiki Valvrave 2nd Season
40497,Mahouka Koukou no Rettousei: Raihousha-hen
4483,Mahoutsukai ni Taisetsu na Koto: Natsu no Sora
14833,Maoyuu Maou Yuusha
10110,Mayo Chiki!
3655,Nabari no Ou
13585,Natsuyuki Rendezvous
12753,Phi Brain: Kami no Puzzle - Orpheus Order-hen
35330,Poputepipikku
5226,Souten Kouro
30911,Tales of Zestiria the Cross
1744,Wagamama☆Fairy Mirumo de Pon!
5597,Natsu no Arashi!
15651,Phi Brain: Kami no Puzzle - Shukuteki! Rätsel-hen
42826,Seijo no Maryoku wa Bannou Desu
4028,Slayers Revolution
152,Solty Rei
28621,Subete ga F ni Naru
46471,"Tantei wa Mou, Shindeiru."
7,Witch Hunter Robin
3006,Atashin'chi
22433,Break Blade
38656,Darwin's Game
20509,Fate/kaleid liner Prisma☆Illya 2wei!
1858,Gakuen Utopia Manabi Straight!
411,Gun x Sword
27829,Heavy Object
6980,Kaidan Restaurant
2544,Kazoku Robinson Hyouryuuki: Fushigi na Shima no Flone
3577,Kyouran Kazoku Nikki
37023,Layton Mystery Tanteisha: Katri no Nazotoki File
21105,Love Stage!!
28013,Macross Δ
335,Matantei Loki Ragnarok
738,MÄR
330,Midori no Hibi
31771,Amanchu!
37716,Beelzebub-jou no Okinimesu mama.
1674,Captain Tsubasa J
1678,Cyborg 009: The Cyborg Soldier
1684,Dotto Koni-chan
386,H2
15699,Haiyore! Nyaruko-san W
34281,High School DxD Hero
20853,Hitsugi no Chaika
2228,Honoo no Toukyuuji: Dodge Danpei
40833,Inu to Neko Docchi mo Katteru to Mainichi Tanoshii
940,Inukami!
35639,Just Because!
43691,Kageki Shoujo!!
52,Kidou Tenshi Angelic Layer
10870,Koukaku Kidoutai: Stand Alone Complex - Tachikoma na Hibi (TV)
2253,Mazinger Z
6030,Needless
19369,Outbreak Company
326,Petshop of Horrors
9893,Suite Precure♪
4663,Tekken Chinmi
3009,Tiger Mask
2820,Time Travel Tondekeman!
30901,Utawarerumono: Itsuwari no Kamen
1722,Nagasarete Airantou
22273,Selector Infected WIXOSS
47257,Shinigami Bocchan to Kuro Maid
9241,Super Robot Taisen OG: The Inspector
42668,Taisou Zamurai
2683,Tokyo Majin Gakuen Kenpucho: Tou Dai Ni Maku
935,Witchblade
306,Abenobashi Mahou☆Shoutengai
10396,Ben-To
40752,Bishounen Tanteidan
5356,Canaan
16592,Danganronpa: Kibou no Gakuen to Zetsubou no Koukousei The Animation
8915,Dantalian no Shoka
505,Fushigiboshi no☆Futagohime
27631,God Eater
4551,Hakushaku to Yousei
38476,Heya Camp△
714,High School! Kimengumi
4550,Hyakko
16732,Kiniro Mosaic
29325,Koukaku Kidoutai Arise: Alternative Architecture
28623,Koutetsujou no Kabaneri
1374,Kyoushoku Soukou Guyver (2005)
333,Mama wa Shougaku 4 Nensei
1450,Brigadoon: Marin to Melan
2383,Cybersix
1778,Dae Jang Geum: Jang Geum's Dream
246,Groove Adventure Rave
24625,Gundam Build Fighters Try
953,Juu Ou Sei
1808,Kamichama Karin
32949,Kuzu no Honkai
4375,Kyoro-chan
38098,Mix
41619,Munou na Nana
12467,Nazo no Kanojo X
2835,Patalliro!
341,Spiral: Suiri no Kizuna
7058,Uragiri wa Boku no Namae wo Shitteiru
350,Ojamajo Doremi
34126,Rewrite 2nd Season
41456,"Sentouin, Hakenshimasu!"
6758,Tatakau Shisho: The Book of Bantorra
30740,Young Black Jack
5675,Basquash!
10719,Boku wa Tomodachi ga Sukunai
1313,Digimon Adventure 02
37347,Dungeon ni Deai wo Motomeru no wa Machigatteiru Darou ka II
2030,El Cazador de la Bruja
915,Ginga Densetsu Weed
34279,Grancrest Senki
41006,Higurashi no Naku Koro ni Gou
37086,Kakegurui××
1691,Kaze no Stigma
2518,Masuda Kousuke Gekijou Gag Manga Biyori 2
5525,07-Ghost
104,Ayashi no Ceres
10163,C: The Money of Soul and Possibility Control
6149,Chibi Maruko-chan (1995)
4726,Druaga no Tou: The Sword of Uruk
27525,Fate/kaleid liner Prisma☆Illya 2wei Herz!
1126,Figure 17: Tsubasa & Hikaru
1524,Fuujin Monogatari
37140,Gegege no Kitarou (2018)
12875,Ginga e Kickoff!!
3010,Kaiketsu Zorro
147,Kimi ga Nozomu Eien
3272,Kinnikuman
31952,Kono Bijutsubu ni wa Mondai ga Aru!
4903,Kyou no 5 no 2 (TV)
1013,Le Chevalier D'Eon
13409,Moyashimon Returns
3467,Nogizaka Haruka no Himitsu
4114,Onegai My Melody: Kuru Kuru Shuffle!
19221,"Ore no Nounai Sentakushi ga, Gakuen Love Comedy wo Zenryoku de Jama Shiteiru"
107,Ou Dorobou Jing
1565,Pokemon Diamond & Pearl
2361,Sei Juushi Bismarck
4581,Shikabane Hime: Aka
33417,Super Lovers 2
4382,Suzumiya Haruhi no Yuuutsu (2009)
173,Tactics
12711,Uta no☆Prince-sama♪: Maji Love 2000%
712,Zoids Genesis
2152,Oh! Edo Rocket
33726,Saiyuuki Reload Blast
1965,Sola
8934,Star Driver: Kagayaki no Takuto
390,Suzuka
11757,Sword Art Online
3000,Taiho Shichau zo: Full Throttle
11341,Tantei Opera Milky Holmes Dai 2 Maku
2113,Tenkuu Senki Shurato
2577,Tom Sawyer no Bouken
3322,Wagaya no Oinari-sama.
3627,D.C.II S.S.: Da Capo II Second Season
19163,Date A Live II
31163,Dimension W
15225,Hentai Ouji to Warawanai Neko.
20457,"Inari, Konkon, Koi Iroha."
28869,Kaitou Joker 2nd Season
274,Kiddy Grade
1196,Masuda Kousuke Gekijou Gag Manga Biyori
5273,Miracle Giants Doumu-kun
94,Mobile Suit Gundam SEED Destiny
11697,Area no Kishi
9200,Dae Jang Geum: Jang Geum's Dream 2
24031,Denki-gai no Honya-san
655,Galaxy Angel 4
14645,Hiiro no Kakera Dai Ni Shou
24231,Hitsugi no Chaika: Avenging Battle
40530,Jaku-Chara Tomozaki-kun
15379,Kotoura-san
7769,Ookami-san to Shichinin no Nakama-tachi
37578,Planet With
40351,Pokemon (2019)
2254,Sentou Mecha Xabungle
30649,Shin Atashin'chi
550,Yu☆Gi☆Oh!
6023,Nogizaka Haruka no Himitsu: Purezza
9981,Phi Brain: Kami no Puzzle
180,Vandread
2043,Cat's Eye
61,D.N.Angel
15583,Date A Live
6880,Deadman Wonderland
2400,GS Mikami
5041,Guin Saga
14765,Ixion Saga DT
28387,Joukamachi no Dandelion
41103,Koi to Yobu ni wa Kimochi Warui
6707,Kuroshitsuji II
43814,Deatte 5-byou de Battle
424,Dirty Pair
5760,Dororo to Hyakkimaru
3568,Ganbarist! Shun
40230,Housekishou Richard-shi no Nazo Kantei
1145,Kaze no Youjinbou
34712,Kujira no Kora wa Sajou ni Utau
40974,Kuma Kuma Kuma Bear
3345,Mikan Enikki
4879,Mouryou no Hako
6560,Popee the Performer
2486,Rumiko Takahashi Anthology
100,Shin Shirayuki-hime Densetsu Prétear
3594,Tears to Tiara
19117,Toaru Hikuushi e no Koiuta
38480,Toaru Kagaku no Accelerator
2816,Toushou Daimos
44191,Tropical-Rouge! Precure
1941,Moonlight Mile 1st Season: Lift Off
2926,Myself; Yourself
6512,Nyan Koi!
1538,Pumpkin Scissors
15905,Qin Shi Ming Yue: Wanli Changcheng
32951,Rokudenashi Majutsu Koushi to Akashic Records
529,Saishuu Heiki Kanojo
1823,Shin Hakkenden
1548,Shin Taketori Monogatari: 1000-nen Joou
5504,Shinkyoku Soukai Polyphonica Crimson S
1133,Tenchi Muyou! GXP
41762,Tenchi Souzou Design-bu
3036,Tobe! Isami
4752,Vampire Knight: Guilty
35220,Youkai Apartment no Yuuga na Nichijou
30205,Aoharu x Kikanjuu
40128,Arte
32494,Days (TV)
3230,Druaga no Tou: The Aegis of Uruk
34662,Fate/Apocrypha
18411,Gingitsune
13261,Inazuma Eleven Go: Chrono Stone
42822,Kai Byoui Ramune
31670,Kaitou Joker 3rd Season
1086,Kenran Butou Sai: The Mars Daybreak
32245,Kuromukuro
31610,Kyoukai no Rinne (TV) 2nd Season
2542,Lady Georgie
276,Mahoromatic: Automatic Maiden
1164,Mahou Senshi Louie
2825,Arabian Nights: Sindbad no Bouken (TV)
369,Boogiepop wa Warawanai
36633,Date A Live III
9379,Denpa Onna to Seishun Otoko
332,Dokidoki♡Densetsu: Mahoujin Guruguru
652,Galaxy Angel Z
2484,Gear Fighter Dendoh
958,HeatGuy J
16668,Kakumeiki Valvrave
3229,Kimi ga Aruji de Shitsuji ga Ore de
5079,Kurokami The Animation
277,Mahoromatic: Motto Utsukushii Mono
8917,Mouretsu Pirates
613,Onmyou Taisenki
22865,Rokujouma no Shinryakusha!? (TV)
21561,Ryuugajou Nanana no Maizoukin (TV)
35847,SSSS.Gridman
34915,The iDOLM@STER SideM
178,Ultra Maniac
31178,Uta no☆Prince-sama♪: Maji Love Legend Star
482,Yu☆Gi☆Oh!: Duel Monsters GX
195,Onegai☆Teacher
1846,Princess Nine: Kisaragi Joshikou Yakyuubu
31374,Shingeki! Kyojin Chuugakkou
23587,The iDOLM@STER Cinderella Girls
31370,Tonkatsu DJ Agetarou
1932,Yes! Precure 5
394,Ai Yori Aoshi: Enishi
16201,Aku no Hana
21437,Buddy Complex
2748,Dash! Kappei
1132,Digimon Frontier
2222,Dr. Slump: Arale-chan
36144,Garo: Vanishing Line
3231,Gunslinger Girl: Il Teatrino
37490,"Gyakuten Saiban: Sono ""Shinjitsu"", Igi Ari! Season 2"
3335,Haikara-san ga Tooru
28825,Himouto! Umaru-chan
2602,Kenkou Zenrakei Suieibu Umishou
206,Lodoss-tou Senki: Eiyuu Kishi Den
24455,Madan no Ou to Vanadis
21863,Mangaka-san to Assistant-san to The Animation
39184,A3! Season Spring & Summer
35834,Angolmois: Genkou Kassenki
20787,Black Bullet
15611,Cardfight!! Vanguard: Link Joker-hen
37338,Chuukan Kanriroku Tonegawa
2036,Cosmic Baton Girl Comet-san☆
4690,Cyborg 009 (1979)
1534,Futari wa Precure: Splash☆Star
5670,GA: Geijutsuka Art Design Class
1490,Ginga Tetsudou Monogatari
3298,Hatenkou Yuugi
26441,Junketsu no Maria
990,Kamisama Kazoku
469,Karin
279,Kyougoku Natsuhiko: Kousetsu Hyaku Monogatari
690,Kyuuketsuhime Miyu (TV)
2044,Mahou no Tenshi Creamy Mami
1017,Majutsushi Orphen
4062,Musashi no Ken
12979,Naruto SD: Rock Lee no Seishun Full-Power Ninden
3125,Tokimeki Tonight
3692,Yes! Precure 5 GoGo!
34978,Nobunaga no Shinobi: Ise Kanegasaki-hen
2489,Onegai My Melody
2108,Rockman.EXE Axess
22359,Sanzoku no Musume Ronja
3044,Tetsuwan Atom (1980)
39790,Adachi to Shimamura
53,Ai Yori Aoshi
36800,Amanchu! Advance
6164,Aoi Hana
1845,Gaiking: Legend of Daiku-Maryu
4549,Hokuto no Ken: Raoh Gaiden Ten no Haoh
2335,Kenyuu Densetsu Yaiba
38804,Kiratto Pri☆chan Season 2
44881,100-man no Inochi no Ue ni Ore wa Tatteiru 2nd Season
37204,Aikatsu Friends!
1498,Black Blood Brothers
1312,Chikyuu Bouei Kigyou Dai-Guard
10444,Digimon Xros Wars: Aku no Death General to Nanatsu no Oukoku
40906,Dragon Quest: Dai no Daibouken (2020)
34787,Idol Time PriPara
16035,Karneval (TV)
606,Kazemakase Tsukikage Ran
189,Love Hina
1397,Macross 7
31884,Mahoutsukai Precure!
42340,Meikyuu Black Company
2834,Miracle☆Girls
2736,Mojakou
23673,Ookami Shoujo to Kuro Ouji
3363,RD Sennou Chousashitsu
42395,Shakunetsu Kabaddi
1860,Tokyo Majin Gakuen Kenpucho: Tou
25157,Trinity Seven
32924,Urara Meirochou
1543,Yoake Mae yori Ruriiro na: Crescent Love
11021,Muv-Luv Alternative: Total Eclipse
5200,Offside (TV)
2543,Robin Hood no Daibouken
31564,Sansha Sanyou
1108,Senkaiden Houshin Engi
678,Shadow Skill: Eigi
5702,Sora wo Miageru Shoujo no Hitomi ni Utsuru Sekai
478,Sousei no Aquarion
961,Virtua Fighter
34350,Alice to Zouroku
10447,Aquarion Evol
1371,Hi no Tori
5983,Higepiyo
8074,Highschool of the Dead
25159,Inou-Battle wa Nichijou-kei no Naka de
34104,Knight's & Magic
17247,Machine-Doll wa Kizutsukanai
604,Mahou no Stage Fancy Lala
1110,Mermaid Melody Pichi Pichi Pitch Pure
2333,Anime Sanjuushi
5032,Cobra The Animation
2907,Cyborg Kuro-chan
3327,Giant Gorg
3270,IGPX: Immortal Grand Prix (2005)
144,Kanon
634,Koi Kaze
4056,Masuda Kousuke Gekijou Gag Manga Biyori 3
1738,Muteki Kanban Musume
1835,Ryuusei no Rockman
18277,Strike the Blood
4896,Umineko no Naku Koro ni
5397,Usavich III
1246,Yuugo: Koushounin
2151,Nils no Fushigi na Tabi
32013,Oshiete! Galko-chan
1564,Pokemon Advanced Generation
1601,Red Garden
32094,Reikenzan: Hoshikuzu-tachi no Utage
4063,Sekirei
21851,Tesagure! Bukatsumono Encore
2747,Tetsuwan Atom
37579,Tonari no Kyuuketsuki-san
3738,Usavich II
3614,Yakushiji Ryouko no Kaiki Jikenbo
37451,Boogiepop wa Warawanai (2019)
568,Bubblegum Crisis Tokyo 2040
2987,Ginga Hyouryuu Vifam
37447,Karakuri Circus (TV)
34607,Lostorage Conflated WIXOSS
8424,MM!
9346,Battle Spirits: Brave
4586,Daisuki! BuBu ChaCha
992,Dual! Parallel Lun-Lun Monogatari
14829,Fate/kaleid liner Prisma☆Illya
2624,"Flanders no Inu, Boku no Patrasche"
3670,Kikou Souseiki Mospeada
10336,Last Exile: Ginyoku no Fam
872,Mahou Shoujo-tai Arusu
6203,Sasameki Koto
6098,Sora no Manimani
2331,Uchuu Densetsu Ulysses 31
1264,Yoroiden Samurai Troopers
34176,Zero kara Hajimeru Mahou no Sho
3305,Muteki Koujin Daitarn 3
32829,Nobunaga no Shinobi
2570,Ochame na Futago: Claire Gakuin Monogatari
40746,Overflow
16051,Ro-Kyu-Bu! SS
2109,Rockman.EXE Stream
20973,Sekai Seifuku: Bouryaku no Zvezda
33031,Shakunetsu no Takkyuu Musume
79,Shuffle!
39324,"Uchi no Ko no Tame naraba, Ore wa Moshikashitara Maou mo Taoseru kamo Shirenai."
1652,Uchuu Senkan Yamato III
31588,All Out!!
831,Chicchana Yukitsukai Sugar
1886,Fushigiboshi no☆Futagohime Gyu!
5267,Gamba no Bouken
395,Gantz 2nd Stage
37302,Kemurikusa (TV)
34106,Kyoukai no Rinne (TV) 3rd Season
10456,Kyoukaisenjou no Horizon
10397,Mashiro-iro Symphony: The Color of Lovers
1138,Medarot
2810,Anime Himitsu no Hanazono
1554,Asatte no Houkou.
2561,Captain Future
11783,Dog Days'
729,Hiatari Ryoukou!
3638,Kaiketsu Zorori
2818,Madou King Granzort
1588,Mamoru-kun ni Megami no Shukufuku wo!
521,Mermaid Melody Pichi Pichi Pitch
3437,Mister Ajikko
2931,Mokke
40529,No Guns Life 2nd Season
2110,Rockman.EXE Beast
6974,Seikimatsu Occult Gakuin
5220,Shangri-La
40586,"Slime Taoshite 300-nen, Shiranai Uchi ni Level Max ni Nattemashita"
1602,Soukou no Strain
2011,Taiho Shichau zo Special
34019,Tsugumomo
10321,Uta no☆Prince-sama♪: Maji Love 1000%
26165,Yuri Kuma Arashi
8234,Muumin
912,Ninkuu
37126,Nobunaga no Shinobi: Anegawa Ishiyama-hen
8769,Ore no Imouto ga Konnani Kawaii Wake ga Nai
1569,Otome wa Boku ni Koishiteru
1493,Project ARMS: The 2nd Chapter
929,Seisenshi Dunbine
29163,Sore ga Seiyuu!
3332,Stop!! Hibari-kun!
876,Street Fighter II V
620,Takahashi Rumiko Gekijou Ningyo no Mori
41353,The God of High School
1555,Tokimeki Memorial: Only Love
3137,Tsurikichi Sanpei
33589,ViVid Strike!
32899,Watashi ga Motete Dousunda
553,Yami no Matsuei
40930,Azur Lane: Bisoku Zenshin!
58,Blue Gender
1683,Di Gi Charat Nyo
5658,Great Mazinger
2799,Hello! Sandybell
31405,Joker Game
21563,Kamigami no Asobi
1516,Kirarin☆Revolution
12175,Koi to Senkyo to Chocolate
252,Madlax
11761,Medaka Box
21603,Mekakucity Actors
286,B'T X
31417,Binan Koukou Chikyuu Boueibu LOVE! LOVE!
17917,Danball Senki Wars
1826,Deltora Quest
32887,Dungeon ni Deai wo Motomeru no wa Machigatteiru Darou ka Gaiden: Sword Oratoria
31737,Gakusen Toshi Asterisk 2nd Season
3299,H2O: Footprints in the Sand
11785,Haiyore! Nyaruko-san
247,Harukanaru Toki no Naka de: Hachiyou Shou
14653,Hayate no Gotoku! Can't Take My Eyes Off You
16982,Hayate no Gotoku! Cuties
41109,Log Horizon: Entaku Houkai
33299,Magic-Kyun! Renaissance
16890,Makai Ouji: Devils and Realist
6262,Manga Sekai Mukashibanashi
5030,Maria†Holic
31722,Nanatsu no Taizai: Seisen no Shirushi
1199,Nintama Rantarou
2369,Rental Magica
4021,Seiyou Kottou Yougashiten: Antique
27899,Tokyo Ghoul √A
21085,Witch Craft Works
30307,Monster Musume no Iru Nichijou
40483,Murenase! Seton Gakuen
39292,Princess Connect! Re:Dive
27441,Show By Rock!!
32038,Show By Rock!! #
41520,Show by Rock!! Stars!!
22687,Terra Formars
3455,To LOVE-Ru
19383,Yami Shibai
4651,Yume no Crayon Oukoku
36726,Yuragi-sou no Yuuna-san
7152,Anyamal Tantei Kiruminzoo
32313,Concrete Revolutio: Choujin Gensou - The Last Song
12651,Danball Senki W
6747,Dance in the Vampire Bund
1179,Gakuen Senki Muryou
384,Gantz
23539,Gudetama
1316,Idaten Jump
10372,Kamisama Dolls
1261,Kyattou Ninden Teyandee
311,Ace wo Nerae!
284,Area 88 (TV)
998,Blue Seed
9539,Cardfight!! Vanguard
1046,Elf wo Karu Mono-tachi II
39463,Gleipnir
1592,Hataraki Man
3616,Kamen no Maid Guy
36548,Kokkoku
31815,"Kono Danshi, Mahou ga Oshigoto Desu."
39531,Kuutei Dragons
1688,Nanatsu-iro★Drops
12119,Natsu-iro Kiseki
4662,Neo Angelique Abyss: Second Age
2283,Red Baron
11751,Senki Zesshou Symphogear
2604,Sky Girls
35540,Slow Start
36475,Sword Art Online Alternative: Gun Gale Online
21439,Uta no☆Prince-sama♪: Maji Love Revolutions
16742,Watashi ga Motenai no wa Dou Kangaetemo Omaera ga Warui!
754,Yuki no Joou (TV)
14749,Ore no Kanojo to Osananajimi ga Shuraba Sugiru
8057,Shin Koihime†Musou: Otome Tairan
37569,Sirius
12321,Thermae Romae
41226,Uzaki-chan wa Asobitai!
30383,Classroom☆Crisis
2913,Daisougen no Chiisana Tenshi: Bush Baby
1045,Elf wo Karu Mono-tachi
603,Futari wa Precure
383,Galaxy Angel
2815,Geragera Boes Monogatari
3110,Kaze no Naka no Shoujo: Kinpatsu no Jeanie
4198,Koutetsu Jeeg
1184,Lost Universe
7761,Masuda Kousuke Gekijou Gag Manga Biyori +
230,Air Master
971,Astro Boy: Tetsuwan Atom
41266,Bessatsu Olympia Kyklos
12293,Campione!: Matsurowanu Kamigami to Kamigoroshi no Maou
2803,Densetsu no Yuusha Da Garn
2416,Grander Musashi RV
3418,Jungle no Ouja Taa-chan
1025,Kachou Ouji
2130,Kaibutsu Oujo
13659,Ore no Imouto ga Konnani Kawaii Wake ga Nai.
4191,Popolocrois Monogatari
907,Princess Princess
11835,Qin Shi Ming Yue: Zhu Zi Bai Jia
20047,Sakura Trick
687,Tokyo Mew Mew
3672,Tottemo! Luckyman
1546,Negima!?
24211,Orenchi no Furo Jijou
3424,Porphy no Nagai Tabi
5307,Sora wo Kakeru Shoujo
31680,Super Lovers
39078,Aikatsu Friends!: Kagayaki no Jewel
7081,Danball Senki
3312,Dr. Slump
33203,Fukumenkei Noise
13163,Furusato Saisei: Nippon no Mukashibanashi
243,Gravitation
598,Jinzou Ningen Kikaider The Animation
9013,Kuruneko 2nd Season
291,D.C.S.S: Da Capo Second Season
930,Densetsu Kyojin Ideon
5197,Dragon League
32686,Keijo!!!!!!!!
34825,Keppeki Danshi! Aoyama-kun
1573,Kishin Douji Zenki
33003,Mahou Shoujo Ikusei Keikaku
1492,Project ARMS
12281,Rinne no Lagrange Season 2
342,Starship Operators
3667,Strike Witches
34009,To Be Hero
343,Tsukuyomi: Moon Phase
19023,"Wake Up, Girls!"
3691,Watashi to Watashi: Futari no Lotte
3656,Monochrome Factor
525,Otogizoushi
325,Peach Girl
28617,Punch Line
941,Renkin San-kyuu Magical? Pokaan
508,Tottoko Hamtarou
33478,UQ Holder!: Mahou Sensei Negima! 2
3457,Vampire Knight
4415,World Destruction: Sekai Bokumetsu no Rokunin
48,.hack//Sign
33573,BanG Dream!
8,Bouken Ou Beet
8206,Hime Chen! Otogi Chikku Idol Lilpri
5968,Kinnikuman II Sei: Ultimate Muscle 2
9712,Maria†Holic Alive
34209,Meiji Tokyo Renka
2554,Ai Shoujo Pollyanna Story
31080,Anne Happy♪
6901,Battle Spirits: Shounen Gekiha Dan
16157,Choujigen Game Neptune The Animation
1726,Devil May Cry
116,El Hazard: The Wanderers
34290,Kirakira☆Precure A La Mode
1864,Koisuru Tenshi Angelique: Kagayaki no Ashita
34338,Lost Song
157,Mahou Sensei Negima!
1137,Mushrambo
16910,Namiuchigiwa no Muromi-san
3059,Ninja Senshi Tobikage
37221,Release the Spyce
3136,Ochamegami Monogatari: Korokoro Pollon
35484,Osake wa Fuufu ni Natte kara
4214,Rosario to Vampire Capu2
3493,Ryuusei no Rockman Tribe
32881,Tiger Mask W
1128,UFO Princess Valkyrie 2: Juunigatsu no Yasoukyoku
2716,Urayasu Tekkin Kazoku
1891,YAT Anshin! Uchuu Ryokou
1249,"Zone of the Enders: Dolores, I"
9776,A-Channel
27655,Aldnoah.Zero 2nd Season
3079,Aoki Ryuusei SPT Layzner
2706,Bakusou Kyoudai Let's & Go WGP
9314,Fractale
10507,Inazuma Eleven Go
37178,Kiratto Pri☆chan
3654,Macademi Wasshoi!
36873,Back Street Girls: Gokudolls
3460,Bosco Daibouken
859,Digimon Savers
1929,Futari wa Precure: Max Heart
127,Gate Keepers
36906,Jashin-chan Dropkick
2389,Kagaku Ninja-tai Gatchaman
621,Night Walker: Mayonaka no Tantei
1236,SF Saiyuuki Starzinger
1104,Shinkon Gattai Godannar!! 2nd Season
36536,Starmyu 3rd Season
3737,Usavich
39710,Yesterday wo Utatte
9331,Yumekui Merry
607,Otogi Juushi Akazukin
162,Pita Ten
40763,Show By Rock!! Mashumairesh!!
7768,Tantei Opera Milky Holmes
33037,Tsukiuta. The Animation
37722,Uchi no Maid ga Uzasugiru!
39942,Uchi Tama?! Uchi no Tama Shirimasen ka?
32230,Xi You Ji
308,Zettai Shounen
5342,Asura Cryin'
579,Battle Programmer Shirase
33475,Busou Shoujo Machiavellianism
3432,Chou Mashin Eiyuuden Wataru
16385,Dog Days''
456,Gokujou Seitokai
1180,Hyper Police
37210,Isekai Maou to Shoukan Shoujo no Dorei Majutsu
2569,Jungle Book Shounen Mowgli
3653,Kurogane no Linebarrels
39017,Kyokou Suiri
37206,Anima Yell!
1668,Bakuten Shoot Beyblade G Revolution
750,Binchou-tan
3407,Blassreiter
10155,Dog Days
38062,Endro~!
16726,gdgd Fairies 2
20945,Iron Kid
5967,Kinnikuman II Sei: Ultimate Muscle
40327,Mewkledreamy
32962,Occultic;Nine
1710,Rockman.EXE
35994,Satsuriku no Tenshi
789,Shinigami no Ballad.
10014,Shouwa Monogatari
229,Ninin ga Shinobuden
31559,Prince of Stride: Alternative
33019,Reikenzan: Eichi e no Shikaku
11227,Rinne no Lagrange
419,Samurai Deeper Kyou
31229,Servamp
174,Tenjou Tenge
28835,Tesagure! Bukatsumono Spin-off Purupurun Sharumu to Asobou
3359,Amatsuki
7817,B-gata H-kei
5155,Genji Monogatari Sennenki
41312,Kami-tachi ni Hirowareta Otoko
5039,Kurozuka
2573,Minami no Niji no Lucy
873,.hack//Roots
303,Aa! Megami-sama!: Chichaitte Koto wa Benri da ne
40266,Aikatsu on Parade!
17827,Daitoshokan no Hitsujikai
2165,Gegege no Kitarou (2007)
1022,Generator Gawl
21431,Gokukoku no Brynhildr
38161,Kabukichou Sherlock
9693,Moshidora
30375,Starmyu
1587,Tenpou Ibun: Ayakashi Ayashi
5343,Monkey Punch: Manga Katsudou Daishashin
2084,NG Knight Ramune & 40
6324,Omamori Himari
2805,Onegai! Samia Don
1792,Overman King Gainer
1942,Rocket Girls
35905,Ryuuou no Oshigoto!
19365,Samurai Flamenco
1568,Sumomomo Momomo: Chijou Saikyou no Yome
26453,Tribe Cool Crew
5830,Tsurupika Hagemaru-kun
30355,Wakaba*Girl
1844,Clamp Gakuen Tanteidan
2595,D.C.II: Da Capo II
3561,Dennou Boukenki Webdiver
29589,Denpa Kyoushi (TV)
126,Futakoi Alternative
22189,Futsuu no Joshikousei ga [Locodol] Yattemita.
37259,Hanebado!
2694,Hidamari no Ki
17741,Kimi no Iru Machi
1707,Kinnikuman II Sei
2157,Koutetsushin Jeeg
28423,Kyoukai no Rinne (TV)
3710,Hakaba Kitarou
29785,Jitsu wa Watashi wa
968,Kakutou Bijin Wulong: Rebirth
3837,Mashin Eiyuuden Wataru
3313,Montana Jones
2200,Muteki Choujin Zanbot 3
37926,Nakanohito Genome [Jikkyouchuu]
169,Shingetsutan Tsukihime
2758,Shippuu! Iron Leaguer
3754,Tongari Boushi no Memole
31442,Musaigen no Phantom World
39539,No Guns Life
561,Sakura Taisen
23201,Sengoku Basara: Judge End
6973,Senkou no Night Raid
538,Shin Tenchi Muyou!
18677,Yuusha ni Narenakatta Ore wa Shibushibu Shuushoku wo Ketsui Shimashita.
11837,Zetman
2404,Zombie-Loan
244,Agatha Christie no Meitantei Poirot to Marple
1186,Battle Athletess Daiundoukai (TV)
27727,Binan Koukou Chikyuu Boueibu LOVE!
8394,Cyborg 009 (TV)
16512,Devil Survivor 2 The Animation
32212,Ensemble Stars!
1465,Hakaima Sadamitsu
24909,Kaitou Joker
5914,Kanamemo
3349,Kiddy GiRL-AND
10370,Metal Fight Beyblade 4D
1040,Mizuiro Jidai
280,Animal Yokochou
1214,Binbou Shimai Monogatari
9367,Freezing
30544,Gakusen Toshi Asterisk
32607,Gi(a)rlish Number
21511,Kantai Collection: KanColle
11079,Kill Me Baby
39388,Koisuru Asteroid
1578,Koisuru Tenshi Angelique: Kokoro no Mezameru Toki
39948,Muhyo to Rouji no Mahouritsu Soudan Jimusho 2nd Season
592,PopoloCrois
37202,Radiant
13377,Recorder to Randoseru Re♪
30363,Shinmai Maou no Testament Burst
32555,Stella no Mahou
24133,Taimadou Gakuen 35 Shiken Shoutai
5992,Tsuyoshi Shikkari Shinasai
3486,Yuusha Tokkyuu Might Gaine
800,NieA Under 7
196,Onegai☆Twins
2363,Pokemon Housoukyoku
2713,Rockman.EXE Beast+
22663,Seiken Tsukai no World Break
2415,Super Fishing Grander Musashi
751,Bomberman Jetters
5071,Croket!
36049,Dagashi Kashi 2
37496,Double Decker! Doug & Kirill
34280,Gamers!
2230,Hana no Ko Lunlun
37517,Happy Sugar Life
8630,Hidan no Aria
40359,Ikebukuro West Gate Park
636,Juubee-chan 2: Siberia Yagyuu no Gyakushuu
2772,Juushin Enbu: Hero Tales
143,Kannazuki no Miko
21671,Keroro
2215,Kishin Taisen Gigantic Formula
38301,Kouya no Kotobuki Hikoutai
45572,Mahouka Koukou no Yuutousei
3162,Makiba no Shoujo Katri
18391,Mini Van
34881,Aho Girl
36864,Akkun to Kanojo
33371,Atom: The Beginning
45782,D4DJ Petit Mix
5217,Goal FH: Field Hunter
23945,Majimoji Rurumo
8410,Metal Fight Beyblade: Baku
4086,Muka Muka Paradise
42627,Peach Boy Riverside
1603,Super Robot Taisen OG: Divine Wars
15489,Yu☆Gi☆Oh! Zexal Second
3505,Yuusha Shirei Dagwon
3615,Neo Angelique Abyss
4936,Ninja Hattori-kun
41345,Noblesse
1727,Shinkyoku Soukai Polyphonica
36817,Sunohara-sou no Kanrinin-san
4066,Tytania
2087,VS Knight Lamune & 40 Fire
3501,Wellber no Monogatari: Sisters of Wellber Zwei
11285,Black★Rock Shooter (TV)
292,Dear Boys
28221,Etotama
13161,Hagure Yuusha no Aesthetica
4334,Heroman
7088,Ichiban Ushiro no Daimaou
580,Kogepan
41812,Megami-ryou no Ryoubo-kun.
4151,Blade of the Immortal
2684,Buzzer Beater 2nd Season
812,Chikyuu Shoujo Arjuna
111,Corrector Yui
35928,Devils Line
2819,Dragon Quest: Yuusha Abel Densetsu
115,El Hazard: The Alternative World
3053,Ganbare! Kickers
1448,Hyakujuu-Ou GoLion
1230,Innocent Venus
2757,Juuni Senshi Bakuretsu Eto Ranger
41930,Kamisama ni Natta Hi
33240,Koneko no Chi: Ponponra Daibouken
22013,Koukaku Kidoutai Nyuumon Arise
670,Lamune
149,Loveless
5520,Onegai My Melody Sukkiri♪
5440,Ougon Yuusha Goldran
1638,Peter Pan no Bouken
6112,Shin Koihime†Musou
36531,Shinkansen Henkei Robo Shinkalion The Animation
37393,"Watashi, Nouryoku wa Heikinchi de tte Itta yo ne!"
6165,White Album 2nd Season
14355,Yama no Susume
4548,Yozakura Quartet
1469,Monster Farm: Enbanseki no Himitsu
34034,Pokemon Sun & Moon
21325,Pupipo!
10572,Ro-Kyu-Bu!
35589,Toji no Miko
33023,Touken Ranbu: Hanamaru
36793,3D Kanojo: Real Girl
2579,Anime 80-nichikan Sekai Isshuu
109,Bakuretsu Tenshi
38020,Beatless Final Stage
13145,Cardfight!! Vanguard: Asia Circuit-hen
2717,Ginga Tetsudou Monogatari: Eien e no Bunkiten
261,Happy☆Lesson: Advance
2938,Idol Densetsu Eriko
38256,Magia Record: Mahou Shoujo Madoka☆Magica Gaiden (TV)
36982,Micchiri Neko
34901,Beyblade Burst God
33041,Bubuki Buranki: Hoshi no Kyojin
2916,Genki Bakuhatsu Ganbaruger
2390,Hoshi no Kirby
8277,Hyakka Ryouran: Samurai Girls
38235,Inazuma Eleven: Orion no Kokuin
727,Kingyo Chuuihou!
24629,Koufuku Graffiti
1018,Majutsushi Orphen: Revenge
4051,Net Ghost Pipopa
2993,Rosario to Vampire
1517,Silent Möbius
1837,Sumeba Miyako no Cosmos-sou Suttoko Taisen Dokkoida
18095,Nourin
1892,YAT Anshin! Uchuu Ryokou 2
40148,22/7
40677,Argonavis from BanG Dream!
32866,Brave Witches
10348,Fireball Charming
11809,gdgd Fairies
5688,Gegege no Kitarou (1968)
3012,Gekitou! Crush Gear Turbo
33421,Hitori no Shita: The Outcast
509,I My Me! Strawberry Eggs
1956,Ikkitousen: Dragon Destiny
2223,Maple Town Monogatari
285,Argento Soma
37525,Babylon
11241,Brave 10
1219,Chocotto Sister
2166,Doujin Work
8503,Fushigi Mahou Fun Fun Pharmacy
266,Gunparade March: Arata Naru Kougunka
649,Hanaukyou Maid-tai: La Verite
3811,Hoshi no Oujisama Petit Prince
40803,Hypnosis Mic: Division Rap Battle - Rhyme Anima
30651,Itoshi no Muco
7904,Kemono no Souja Erin Recaps
18495,Kitakubu Katsudou Kiroku
2403,Kodomo no Jikan (TV)
193,Maburaho
33487,Masamune-kun no Revenge
31404,Netoge no Yome wa Onnanoko ja Nai to Omotta?
6902,Saikyou Bushouden: Sangoku Engi
32032,Seikaisuru Kado
36432,Toaru Majutsu no Index III
1243,Night Head Genesis
3765,Pygmalio
30806,Schwarzesmarken
22877,Seireitsukai no Blade Dance
2578,TaoTao Ehonkan Sekai Doubutsu Banashi
20473,Teekyuu 3
2705,Bakusou Kyoudai Let's & Go
38390,Chuubyou Gekihatsu Boy
11703,Code:Breaker
18001,Freezing Vibration
3807,Honoo no Alpenrose: Judy & Randy
7580,Ikkitousen: Xtreme Xecutor
554,Koutetsu Tenshi Kurumi
630,Mahoutsukai Tai! (TV)
4807,Mashin Eiyuuden Wataru 2
3631,Aoi Blink
694,Canvas 2: Niji-iro no Sketch
11457,Chibi☆Devi!
1675,Chou Robot Seimeitai Transformers Micron Densetsu
2259,Dr. Rin ni Kiitemite!
21407,Happiness Charge Precure!
40610,Healin' Good♡Precure
1082,Hikari to Mizu no Daphne
33948,Hinako Note
4196,Ikkitousen: Great Guardians
4935,Ikkyuu-san
5834,Kyojin no Hoshi
38778,Midara na Ao-chan wa Benkyou ga Dekinai
38924,Nekopara
39609,Ochikobore Fruit Tart
25099,"Ore ga Ojousama Gakkou ni ""Shomin Sample"" Toshite Gets♥Sareta Ken"
25859,Re-Kan!
23233,Shinmai Maou no Testament
33433,Shuumatsu no Izetta
23209,Sora no Method
19841,Super Seisyun Brothers
965,Yoshinaga-sanchi no Gargoyle
13201,Monster Farm: Legend e no Michi
942,Nishi no Yoki Majo: Astraea Testament
6201,Princess Lover!
11841,Qin Shi Ming Yue: Ye Jin Tianming
5203,Shin Maple Town Monogatari: Palm Town-hen
5734,Tayutama: Kiss on My Deity
21845,Ushinawareta Mirai wo Motomete
4999,Asu no Yoichi!
62,D.C.: Da Capo
42192,Edens Zero
3579,Getter Robo
36587,Granblue Fantasy The Animation Season 2
1721,Hitohira
10079,Hoshizora e Kakaru Hashi
4262,Koihime†Musou
146,Kono Minikuku mo Utsukushii Sekai
37458,Kyoto Teramachi Sanjou no Holmes
5962,Metal Fight Beyblade
89,Mobile Suit Victory Gundam
1550,Attack No.1
21729,Cardfight!! Vanguard: Legion Mate-hen
293,Di Gi Charat
37990,Gurazeni Season 2
15377,Hyakka Ryouran: Samurai Bride
518,Mahou no Princess Minky Momo
273,Mahoutsukai ni Taisetsu na Koto
860,Makai Senki Disgaea
616,Nurse Angel Ririka SOS
19919,Tesagure! Bukatsumono
3317,Uchuusen Sagittarius
278,Viewtiful Joe
3761,Wanwan Sanjuushi
9883,Osomatsu-kun (1988)
21881,Sword Art Online II
18121,Teekyuu 2
1127,UFO Princess Valkyrie
5505,Viper's Creed
21639,Yu☆Gi☆Oh! Arc-V
2221,Aishite Knight
4657,Arad Senki: Slap Up Party
288,Bakuten Shoot Beyblade
32664,Bananya
37982,Domestic na Kanojo
43229,Godzilla: S.P
41623,Isekai Maou to Shoukan Shoujo no Dorei Majutsu Ω
33018,Katsugeki/Touken Ranbu
25939,Mahou Shoujo Lyrical Nanoha ViVid
10213,Maji de Watashi ni Koi Shinasai!
2707,Majime ni Fumajime Kaiketsu Zorori
2546,Alps Monogatari: Watashi no Annette
13029,Arashi no Yoru ni: Himitsu no Tomodachi
1893,Azuki-chan
36483,B-Project: Zecchou*Emotion
37476,Cardfight!! Vanguard (2018)
38940,Cop Craft
3116,Dash! Yonkurou
6055,F
318,Hand Maid May
41911,Hanyou no Yashahime: Sengoku Otogizoushi
12461,Hiiro no Kakera
3836,Meiken Jolie
26351,Nagato Yuki-chan no Shoushitsu
5395,Nekketsu Saikyou Go-Saurer
33668,Soushin Shoujo Matoi
1703,Tokyo Tribe 2
1218,Tonagura!
447,Weiß Kreuz
4773,Yamato Takeru
1897,Zettai Muteki Raijin-Oh
39583,number24
2826,Oz no Mahoutsukai (1986)
5940,Seiken no Blacksmith
42205,Shaman King (2021)
4810,Shinzou Ningen Casshern
2620,Spider Riders: Yomigaeru Taiyou
2965,Suteki Tantei Labyrinth
26395,Teekyuu 4
34474,Tsukipro The Animation
2964,Blue Drop: Tenshi-tachi no Gikyoku
296,Dragon Drive
1599,Eat-Man '98
19067,Future Card Buddyfight
7619,Gegege no Kitarou (1996)
39417,Granbelm
297,Grenadier: Hohoemi no Senshi
17919,Houkago no Pleiades (TV)
6509,Kiteretsu Daihyakka
5891,Kousoku Denjin Albegus
1502,Mahou Shoujo Pretty Sammy (1996)
37964,Mayonaka no Occult Koumuin
3425,Meiken Lassie
19877,Battle Spirits: Sword Eyes Gekitouden
1123,Bouken Ou Beet Excellion
16355,Dansai Bunri no Crime Edge
8536,Fortune Arterial: Akai Yakusoku
2494,Goshuushou-sama Ninomiya-kun
38276,Houkago Saikoro Club
9041,IS: Infinite Stratos
2556,Jungle Taitei (1989)
33197,Lostorage Incited WIXOSS
37487,Muhyo to Rouji no Mahouritsu Soudan Jimusho
1882,Sasami: Mahou Shoujo Club 2
623,Shichinin no Nana
12191,Smile Precure!
605,Tenshi ni Narumon!
31430,Terra Formars: Revenge
36654,Tsukumogami Kashimasu
688,Uta∽Kata
34580,Nana Maru San Batsu
19855,Nobunagun
4054,Norimono Oukoku BuBu ChaCha
7845,Seton Doubutsuki
4514,Seton Doubutsuki: Kuma no Ko Jacky
1541,Souten no Ken
1532,Suki na Mono wa Suki Dakara Shou ga Nai!!
30567,Teekyuu 5
3196,Wakakusa no Charlotte
1533,Ai Tenshi Densetsu Wedding Peach
886,Amaenaide yo!! Katsu!!
2576,Araiguma Rascal
495,Bakuretsu Hunters
27737,Battle Spirits: Burning Soul
32483,Cheer Danshi!!
31147,Concrete Revolutio: Choujin Gensou
8624,Digimon Xros Wars
17497,Jewelpet Happiness
3281,Kinnikuman: Kinnikusei Oui Soudatsu-hen
33788,Marginal#4: Kiss kara Tsukuru Big Bang
7590,Mayoi Neko Overrun!
28817,Mikagura Gakuen Kumikyoku (TV)
2231,Miyuki
3438,Moero! Top Striker
9624,30-sai no Hoken Taiiku
17082,Aiura
28391,Ao no Kanata no Four Rhythm
1669,Bakuten Shoot Beyblade 2002
4286,Bonobono (TV)
1068,Chou Denji Robo Combattler V
956,Daikuu Maryuu Gaiking
17092,Dallyeola Hani
2814,Dondon Dommel to Ron
9330,Dragon Crisis!
12471,Eureka Seven AO
271,Gad Guard
33392,Gakuen Handsome
35983,Harukana Receive
2749,Heisei Inu Monogatari Bow
618,Juubee Ninpuuchou: Ryuuhougyoku-hen
2598,Juusenki L-Gaim
40880,Kiratto Pri☆chan Season 3
7593,Kiss x Sis (TV)
2038,Mahou no Star Magical Emi
5249,Mitsume ga Tooru
2970,Night Wizard
9922,Oretachi ni Tsubasa wa Nai: Under the Innocent Sky.
38009,Re:Stage! Dream Days♪
14515,Sasami-san@Ganbaranai
1103,Shinkon Gattai Godannar!!
3098,Shutsugeki! Machine Robo Rescue
4532,Taiyou no Yuusha Fighbird
3008,Time Bokan Series: Yatterman
1377,Uchuu Koukyoushi Maetel: Ginga Tetsudou 999 Gaiden
11615,Morita-san wa Mukuchi. 2
21177,Nobunaga the Fool
10197,Nyanpire The Animation
2783,Oyayubi Hime Monogatari
4742,Papa to Odorou
12863,Pretty Rhythm: Dear My Future
11491,Recorder to Randoseru Do♪
31716,Rewrite
533,Sensei no Ojikan: Doki Doki School Hours
13679,Tottoko Hamtarou Hai!
31427,Zinba
234,Dan Doh!!
4362,Fireball
771,Ginyuu Mokushiroku Meine Liebe Wieder
31629,Granblue Fantasy The Animation
4050,Kouchuu Ouja Mushiking: Mori no Tami no Densetsu
222,Mezzo DSA
2786,Bakegyamon
3271,Bakutou Sengen Daigunder
563,DNA²
5973,Fight Ippatsu! Juuden-chan!!
37611,Future Card Buddyfight Battsu: All-Star Fight
11307,Ginga Patrol PJ
34834,Hina Logi: From Luck & Logic
248,Ichigo 100%
33733,Inazuma Eleven: Ares no Tenbin
635,Juubee-chan: Lovely Gantai no Himitsu
1445,Mach GoGoGo
626,Mamotte Shugogetten!
41265,Mars Red
1597,Panyo Panyo Di Gi Charat
17115,Pokemon Best Wishes! Season 2: Episode N
1247,Project BLUE Chikyuu SOS
18099,Recorder to Randoseru Mi☆
32262,Renai Boukun
34754,Rilu Rilu Fairilu: Yousei no Door
4332,Seigi wo Aisuru Mono Gekkou Kamen
32228,Teekyuu 7
2032,Wellber no Monogatari: Sisters of Wellber
3024,Ribbon no Kishi
421,Stratos 4
33811,Teekyuu 8
38302,Boku no Tonari ni Ankoku Hakaishin ga Imasu.
2255,Choujuu Kishin Dancougar
31456,Code:Realize - Sousei no Himegimi
782,Gasaraki
487,Girls Bravo: Second Season
260,Happy☆Lesson (TV)
39030,Hataage! Kemono Michi
6008,Jewelpet
667,Kashimashi: Girl Meets Girl
865,Kikou Senki Dragonar
30652,Long Riders!
21835,Majin Bone
5091,Manga Sarutobi Sasuke
86,Mobile Suit Gundam ZZ
2316,Akakichi no Eleven
31196,Cardfight!! Vanguard G: GIRS Crisis-hen
32802,Cardfight!! Vanguard G: Stride Gate-hen
1194,Coyote Ragtime Show
30039,Future Card Buddyfight Hundred
385,Gilgamesh
646,Haunted Junction
31068,Hime Chen! Otogi Chikku Idol Lilpri (2011)
12963,Jewelpet Kira☆Deco!
1660,Kurogane Communication
1509,Mamotte! Lollipop
31537,Manaria Friends
4052,Medarot Damashii
2933,Mirai Keisatsu Urashiman
34839,Sanrio Danshi
6056,Sasuke
3809,Shirayuki Hime no Densetsu
2161,Skull Man
3668,Telepathy Shoujo Ran
34177,Tenshi no 3P!
473,Tide-Line Blue
924,Transformers: Choujin Master Force
10513,Usavich IV
30437,Wakako-zake
347,Wild Arms: Twilight Venom
2603,Mushi-Uta
41491,Nanatsu no Taizai: Fundo no Shinpan
9934,Nekogami Yaoyorozu
38089,"Okoshiyasu, Chitose-chan"
919,Ray The Animation
40957,Shin Chuuka Ichiban! 2nd Season
926,Tatakae! Chou Robot Seimeitai Transformers Victory
928,Transformers Galaxy Force
6129,Umi Monogatari: Anata ga Ite Kureta Koto
3077,Warau Salesman
2041,Ai to Yuuki no Pig Girl Tonde Buurin
6166,Asobi ni Iku yo!
10578,C³
1149,Choujuushin Gravion Zwei
35883,Cinderella Girls Gekijou 2nd Season
1629,Devilman Lady
2795,Dragonaut: The Resonance
236,E's Otherwise
5945,Element Hunters
33840,Kabuki-bu!
37587,Lapis Re:LiGHTs
36902,Mahou Shoujo Ore
3388,Majokko Megu-chan
1161,Maze☆Bakunetsu Jikuu (TV)
19429,Akuma no Riddle
28833,Chain Chronicle: Haecceitas no Hikari
31636,Dagashi Kashi
1466,Hakugei Densetsu
18097,Inazuma Eleven Go: Galaxy
2039,Mahou no Yousei Persia
33850,Nil Admirari no Tenbin
28819,Okusama ga Seitokaichou!
32603,Okusama ga Seitokaichou!+!
1300,Omishi Mahou Gekijou: Risky★Safety
24075,Persona 4 the Golden Animation
10156,Sacred Seven
7082,Shugo Chara! Party!
38923,Sinbi Apateu: Ghost Ball Bimil
2612,Spoon Oba-san
4208,Tetsujin 28-gou (1980)
175,Tokyo Underground
6779,Pokonyan!
6609,Pucca
20267,Wooser no Sono Higurashi: Kakusei-hen
34866,Yu☆Gi☆Oh! VRAINS
36882,Arifureta Shokugyou de Sekai Saikyou
33046,B-Project: Kodou*Ambitious
34055,Berserk 2nd Season
9119,Chirorin Mura Monogatari
4240,Ginga Senpuu Braiger
637,Iketeru Futari
913,Kakutou Bijin Wulong
148,Kita e.: Diamond Dust Drops
4073,Kyouryuu Daisensou Izenborg
7148,Ladies versus Butlers!
16906,Line Offline: Salaryman
41556,Maiko-san Chi no Makanai-san
3182,Massugu ni Ikou. 2nd Season
3193,Asobot Senki Gokuu
14913,Battle Spirits: Sword Eyes
34077,Cardfight!! Vanguard G: Next
40167,Cardfight!! Vanguard: Shinemon-hen
2703,Chousoku Spinner
8123,Cooking Papa
12549,"Dakara Boku wa, H ga Dekinai."
1581,Gift: Eternal Rainbow
12481,Gregory Horror Show: The Second Guest
403,Hanaukyou Maid-tai
590,Kage kara Mamoru!
2704,Kaiketsu Jouki Tanteidan
34964,Killing Bites
2487,Kyouryuu Boukenki Jura Tripper
23133,M3: Sono Kuroki Hagane
5953,Mahou no Princess Minky Momo: Yume wo Dakishimete
776,Nanaka 6/17
5023,Ninpuu Kamui Gaiden
34148,Nyanko Days
28619,Ranpo Kitan: Game of Laplace
1881,Sasami: Mahou Shoujo Club
39456,Sounan Desu ka?
1005,Star Ocean EX
31440,Teekyuu 6
37920,Ueno-san wa Bukiyou
31848,Ojisan to Marshmallow
37778,Pastel Life
25867,Rolling☆Girls
2619,Spider Riders: Oracle no Yuusha-tachi
15125,Teekyuu
472,To Heart
38669,Tsukiuta. The Animation 2
1198,Tsuyokiss
37433,Wakaokami wa Shougakusei!
37324,Youkai Watch: Shadow Side
33419,12-sai.: Chicchana Mune no Tokimeki 2nd Season
2467,3 Choume no Tama: Uchi no Tama Shirimasen ka?
1136,Betterman
63,DearS
41074,Digimon Adventure:
32011,Hakuouki: Otogisoushi
43969,Kanojo mo Kanojo
2106,Kiss Dum: Engage Planet
4411,Mirai Robo Daltanias
298,.hack//Tasogare no Udewa Densetsu
2688,Akai Koudan Zillion
5104,Andes Shounen Pepero no Bouken
2709,Bakusou Kyoudai Let's & Go MAX
2836,Chiisana Viking Vickie
289,Comic Party
7307,Gegege no Kitarou (1985)
2224,Hikari no Densetsu
863,Joshikousei: Girl's High
3464,Kemeko Deluxe!
2912,Ohayou! Spank
1035,Patalliro Saiyuuki!
30749,Saijaku Muhai no Bahamut
10308,Sengoku Otome: Momoiro Paradox
35370,Teekyuu 9
29017,Wooser no Sono Higurashi: Mugen-hen
840,Narue no Sekai
2501,Papuwa
14921,RDG: Red Data Girl
1618,Soreyuke! Uchuu Senkan Yamamoto Yohko (1999)
446,Weiß Kreuz Glühen
3081,Attacker You!
40228,Bananya: Fushigi na Nakama-tachi
3690,Chou Hatsumei Boy Kanipan
4503,Choujikuu Kidan Southern Cross
33314,Digimon Universe: Appli Monsters
16419,Dokidoki! Precure
973,Glass no Kantai: La Legende du Vent de l'Univers
1325,Hamelin no Violin Hiki
1848,Haou Taikei Ryuu Knight
17831,Inu to Hasami wa Tsukaiyou
9750,Itsuka Tenma no Kuro Usagi
1572,Jungle Taitei
36407,Kenja no Mago
40595,"Kimi to Boku no Saigo no Senjou, Aruiwa Sekai ga Hajimaru Seisen"
1067,Kishin Houkou Demonbane (TV)
13367,"Kono Naka ni Hitori, Imouto ga Iru!"
34620,Kono Yo no Hate de Koi wo Utau Shoujo YU-NO
671,Lemon Angel Project
37599,Magatsu Wahrheit: Zuerst
2288,Akihabara Dennou-gumi
42514,Anime Kapibara-san
9736,Astarotte no Omocha!
3519,Garakuta-doori no Stain
35757,Gin no Guardian II
6069,Gregory Horror Show
5534,Hai! Akko Desu
3689,Hatsumei Boy Kanipan
33797,ID-0
34966,Jigoku Shoujo: Yoi no Togi
39326,Kawaikereba Hentai demo Suki ni Natte Kuremasu ka?
17731,Ketsuekigata-kun!
1070,Love Get Chu
31452,Norn9: Norn+Nonet
3366,Persona: Trinity Soul
6633,Queen's Blade: Gyokuza wo Tsugu Mono
3159,The Kabocha Wine
916,Tokkou
21353,Tokyo ESP
497,Yami to Boushi to Hon no Tabibito
3295,Yatterman
8235,Muumin (1972)
40136,Oda Cinnamon Nobunaga
31621,Ooyasan wa Shishunki!
10810,Pucca 2
1693,Reideen
2510,Sengoku Majin Goushougun
2766,Super Doll Licca-chan
2105,Touka Gettan
41392,Urasekai Picnic
34800,Action Heroine Cheer Fruits
2732,Baby Baachan
1676,Cosmo Warrior Zero
1853,Cutey Honey F
14827,D.C.III: Da Capo III
1706,Gun Frontier
39725,I★Chu: Halfway Through the Idol
1409,IGPX: Immortal Grand Prix
22123,Inugami-san to Nekoyama-san
35076,Juuni Taisen
412,Kore ga Watashi no Goshujinsama
5274,Magical★Taruruuto-kun
39590,Africa no Salaryman (TV)
370,Burn Up Excess
406,Buzzer Beater
1962,Chikyuu Bouei Kazoku
119,Final Approach
10187,HenSemi (TV)
1019,Honoo no Mirage
10338,Honto ni Atta! Reibai Sensei
34934,Koi to Uso
3436,Meme Iroiro Yume no Tabi
31560,Miss Monochrome The Animation 3
4468,Nagagutsu wo Haita Neko no Bouken
682,Otogi Story Tenshi no Shippo
37345,Plunderer
7245,Sekai Meisaku Douwa: Wow! Maerchen Oukoku
28283,Sengoku Musou
4515,Seton Doubutsuki: Risu no Banner
1836,Shuffle! Memories
2284,Transformers: Car Robots
5763,Uchuu Kuubo Blue Noah
4083,Wonder Beat Scramble
10671,Morita-san wa Mukuchi.
43767,Night Head 2041
39506,Phantasy Star Online 2: Episode Oracle
36259,Pingu in the City
35298,Ramen Daisuki Koizumi-san
197,Rizelmine
27741,Shounen Hollywood: Holly Stage for 50
17821,Stella Jogakuin Koutou-ka C³-bu
684,Tenshi no Shippo Chu!
2282,Tezuka Osamu no Kyuuyaku Seisho Monogatari: In the Beginning
37988,Uchuu Senkan Tiramisù II
4720,White Album
34051,Akiba's Trip The Animation
39337,Araiya-san!: Ore to Aitsu ga Onnayu de!?
10490,Blood-C
4197,Blue Dragon: Tenkai no Shichi Ryuu
3389,Bus Gamer
34257,Cinderella Girls Gekijou
37651,Fate/Extra: Last Encore - Illustrias Tendousetsu
33222,Fudanshi Koukou Seikatsu
37232,Merc Storia: Mukiryoku no Shounen to Bin no Naka no Shoujo
55,Arc the Lad
35988,Dame x Prince Anime Caravan
30127,Danchigai
33743,Fuuka
4800,Huckleberry Finn Monogatari
10359,Jewelpet Sunshine
32214,Koukaku no Pandora
38297,"Maou-sama, Retry!"
1163,Neo Ranga
18845,Ninja Hattori-kun (2012)
3827,Ore wa Teppei
612,PetoPeto-san
1771,Ring ni Kakero 1: Nichibei Kessen-hen
19825,Saikyou Ginga Ultimate Zero: Battle Spirits
14333,Tanken Driland
744,Trouble Chocolate
40708,Monster Musume no Oishasan
38707,RobiHachi
2031,Shining Tears X Wind
10109,Softenni
38004,Strike Witches: 501 Butai Hasshin Shimasu!
471,To Heart 2
34522,"Wake Up, Girls! Shin Shou"
28155,Yoru no Yatterman
20533,Z/X: Ignition
3835,Ai no Gakkou Cuore Monogatari
2495,Chance Triangle Session
2089,Choujikuu Seiki Orguss
37422,Cinderella Girls Gekijou 3rd Season
9493,Dororon Enma-kun Meeramera
850,Gakuen Heaven
4486,Getter Robo G
3776,Go! Go! Itsutsugo Land
1694,iDOLM@STER Xenoglossia
18247,IS: Infinite Stratos 2
4119,Juushin Liger
19585,Kobo-chan
38920,Kochouki: Wakaki Nobunaga
3054,La Seine no Hoshi
1806,Master Mosquiton '99
375,Bannou Bunka Neko-Musume (1998)
36022,Cardfight!! Vanguard G: Z
706,Comic Party Revolution
1189,Eden's Bowy
3355,Fortune Dogs
23787,Hi☆sCoool! SeHa Girls
4808,Hurricane Polymar
44276,Kyuukyoku Shinka shita Full Dive RPG ga Genjitsu yori mo Kusoge Dattara
36266,Mahou Shoujo Site
4782,Mama wa Poyopoyo Saurus ga Osuki
7103,Miracle☆Train: Oedo-sen e Youkoso
30384,Miss Monochrome The Animation 2
9810,Nyani ga Nyandaa Nyandaa Kamen
32772,Puzzle & Dragons Cross
5201,Salad Juu Yuushi Tomatoman
23325,Shirogane no Ishi: Argevollen
3915,Time Bokan
33341,Time Travel Shoujo: Mari Waka to 8-nin no Kagakusha-tachi
19157,Youkai Watch
38397,Nande Koko ni Sensei ga!?
1093,Oishinbo
5938,Onegai♪My Melody Kirara★
14199,Oniichan dakedo Ai sae Areba Kankeinai yo ne!
11595,Perman (1983)
32360,Qualidea Code
2934,Shiawase Sou no Okojo-san
42568,Yakunara Mug Cup mo
22537,Yami Shibai 2
37036,Binan Koukou Chikyuu Boueibu Happy Kiss!
27815,Cardfight!! Vanguard G
34382,Citrus
17705,DD Hokuto no Ken (2013)
34497,Death March kara Hajimaru Isekai Kyousoukyoku
9950,Hulu Xiongdi
4504,Kinkyuu Hasshin Saver Kids
8140,Konchuu Monogatari Minashigo Hutch (1989)
13159,Kuromajo-san ga Tooru!!
3550,Midori no Makibao
2613,Mirai Shounen Conan 2: Taiga Daibouken
10808,Mobile Suit Gundam AGE
25397,Absolute Duo
42653,Aikatsu Planet!
591,Amaenaide yo!!
16518,Arata Kangatari
30795,Bakuon!!
35334,ClassicaLoid 2nd Season
9479,Coppelion
125,Futakoi
13139,Gakkatsu!
7109,Gyouten Ningen Batsealer
2280,Hare Tokidoki Buta (TV)
33027,Infini-T Force
23121,Jinsei
3129,Kaibutsu-kun
24705,"Ore, Twintail ni Narimasu."
21033,Seikoku no Dragonar
8542,Shin Ace wo Nerae!
7955,The Marshmallow Times
10611,R-15
4962,Rokumon Tengai Mon Colle Knights
1816,Sonic X
7176,Cheburashka Arere?
38767,Cinderella Girls Gekijou: Climax Season
4554,Dokkiri Doctor
18771,Gifuu Doudou!!: Kanetsugu to Keiji
41783,Iwa Kakeru!: Sport Climbing Girls
3130,Kaibutsu-kun (1980)
28207,Ketsuekigata-kun! 2
799,Kokoro Toshokan
1456,L/R: Licensed by Royal
11829,Manga Mitokoumon
4209,Mission-E
2571,Mitsubachi Maya no Bouken
1672,Bomberman B-Daman Bakugaiden
34525,Centaur no Nayami
2252,Devilman
225,Dragon Ball GT
40358,Gal to Kyouryuu
31630,"Gyakuten Saiban: Sono ""Shinjitsu"", Igi Ari!"
1988,Himawari!!
3935,Karakuri Kiden: Hiwou Senki
36418,Koneko no Chi: Ponponra Dairyokou
2980,Kuusou Kagaku Sekai Gulliver Boy
1617,Massugu ni Ikou.
783,Miami Guns
9884,Osomatsu-kun
37522,Pet
417,Ragnarök The Animation
10324,Tono to Issho: Gantai no Yabou
1737,Uchuu Senshi Baldios
3325,Yuusha Exkaiser
2128,Yuusha Raideen
1062,Nekojiru Gekijou Jirujiru Original
163,Power Stone
10346,Ring ni Kakero 1: Sekai Taikai-hen
14283,Vividred Operation
5454,Yoku Wakaru Gendai Mahou
41380,100-man no Inochi no Ue ni Ore wa Tatteiru
37561,Akanesasu Shoujo
40550,Assault Lily: Bouquet
5337,Bakugan Battle Brawlers: New Vestroia
32407,Clockwork Planet
3023,Esper Mami
2572,Fushigi no Kuni no Alice
32785,Future Card Buddyfight Triple D
6971,Gegege no Kitarou (1971)
336,Ginyuu Mokushiroku Meine Liebe
10623,Hayan Ma-eum Baeggu
1839,Jagainu-kun
37281,Joshiochi!: 2-kai kara Onnanoko ga... Futtekita!?
33244,Kiitarou Shounen no Youkai Enikki
4439,Kurenai Sanshirou
1810,Kyoushirou to Towa no Sora
4744,Akaneiro ni Somaru Saka
3800,Arrow Emblem Grand Prix no Taka
1661,Cutey Honey
21167,Escha & Logy no Atelier: Tasogare no Sora no Renkinjutsushi
3101,F-Zero: Falcon Densetsu
3185,Fortune Quest L
6374,Kagaku Ninja-tai Gatchaman II
32682,Kagewani: Shou
5235,Live On Cardliver Kakeru
39701,Nanatsu no Taizai: Kamigami no Gekirin
41364,One Room Third Season
36023,Persona 5 the Animation
1807,Prism Ark
34927,Rilu Rilu Fairilu: Mahou no Kagami
41372,Senyoku no Sigrdrifa
27629,Tantei Kageki Milky Holmes TD
38610,Tejina-senpai
8189,The World of Golden Eggs
4154,Time Bokan Series: Yattodetaman
925,Transformers: The☆Headmasters
718,Yume de Aetara (TV)
3021,Yume Senshi Wingman
4013,Paul no Miracle Daisakusen
38262,Pingu in the City (2018)
22215,Pretty Rhythm: All Star Selection
12611,Sengoku Collection
32039,Show By Rock!! Short!!
817,Tactical Roar
28861,Takamiya Nasuno Desu!: Teekyuu Spin-off
36108,Takunomi.
36511,Tokyo Ghoul:re
3812,Yume no Hoshi no Button Nose
3874,Ashita e Free Kick
348,Binzume Yousei
105,Boys Be...
11177,Cross Fight B-Daman
32901,Eromanga-sensei
17147,Gakkatsu! 2nd Season
19367,Galilei Donna
9900,Hamster Club
257,Ikkitousen
2565,Jungle Taitei: Susume Leo!
3503,Kanokon
2243,Karasu Tengu Kabuto
34501,Kenka Banchou Otome: Girl Beats Boys
2074,Kero Kero Chime
2568,Kojika Monogatari
8285,Ai no Senshi Rainbowman
810,Android Ana Maico 2010
5082,Battle Spirits: Shounen Toppa Bashin
7395,Card Wang: Mix Master
6511,Chou Seimeitai Transformers Beast Wars Neo
2564,Code-E
11385,Digimon Xros Wars: Toki wo Kakeru Shounen Hunter-tachi
1704,Eat-Man
241,Girls Bravo: First Season
2804,Hana no Mahoutsukai Mary Bell
6205,Kämpfer
3858,Konchuu Monogatari Minashigo Hutch
37254,Last Period: Owarinaki Rasen no Monogatari
3823,Little Lulu to Chicchai Nakama
37598,Phantom in the Twilight
3806,Sasuga no Sarutobi
4723,Seishun Anime Zenshuu
6468,Tensai Bakabon
685,To Heart: Remember My Memories
6672,Video Senshi Lezarion
46701,Yubisaki kara Honki no Netsujou 2: Koibito wa Shouboushi
943,Yume Tsukai
3900,Ougon Bat
7793,Ring ni Kakero 1: Kage Dou-hen
5997,Sabu to Ichi Torimono Hikae
1724,Saint October
6500,Seikon no Qwaser
40786,Skate-Leading☆Stars
3444,The☆Ultraman
10554,Yakyuukyou no Uta
40714,Youkai Watch Jam: Youkai Gakuen Y - N to no Souguu
14693,Yurumates 3D Plus
32601,12-sai.: Chicchana Mune no Tokimeki
31573,Brave Beats
40934,Bungou to Alchemist: Shinpan no Haguruma
21677,Captain Earth
5618,Dokonjou Gaeru
40526,"Dragon, Ie wo Kau."
34836,Future Card Buddyfight Battsu
37739,Future Card Shin Buddyfight
17651,Genei wo Kakeru Taiyou
38254,Hashiri Tsuzukete Yokattatte.
37646,Hataraku Onii-san! no 2!
30524,Kagewani
19685,Kanojo ga Flag wo Oraretara
20971,Kiniro no Corda: Blue♪Sky
37106,Kitsune no Koe
2367,Moetan
35427,Animegataris
31157,ClassicaLoid
34427,Frame Arms Girl
5276,Happy Happy Clover
39199,Katsute Kami Datta Kemono-tachi e
5153,Kikou Kai Galient
3356,Mahoutsukai Sally
14093,Pokemon Best Wishes! Season 2
23309,Rail Wars!
34903,RoboMasters the Animated Series
39194,Shin Chuuka Ichiban!
836,Sister Princess
23067,Tenkai Knights
1746,Zoids Fuzors
3810,Mori no Youki na Kobito-tachi: Belfy to Lillibit
9107,Pokemon Best Wishes!
3819,Sasurai no Taiyou
4068,Shin Megami Tensei Devil Children: Light & Dark
1960,Sore Ike! Anpanman
4801,Suhoyojeong Michel
34368,Vatican Kiseki Chousakan
36423,Zhandou Wang Zhi Jufeng Zhan Hun
25717,AIUEO Anime Sekai no Douwa: Aesop Monogatari Anime Series
5070,Beast Wars Second Chou Seimeitai Transformers
2142,Blue Dragon
32353,Bonobono (TV 2016)
14989,Chousoku Henkei Gyrozetter
37188,Fumikiri Jikan
30721,Hacka Doll The Animation
1570,Happiness!
3947,Jarinko Chie (TV)
3609,Kikou Kantai Dairugger XV
2040,Mahou no Angel Sweet Mint
3875,Mahoutsukai Sally 2
888,Megami Kouhosei
20033,Miss Monochrome The Animation
833,Choujuushin Gravion
1221,Demashita! Powerpuff Girls Z
4511,Hoero! Bun Bun
2075,Kiko-chan Smile
39699,King of Prism: Shiny Seven Stars
4536,Muteki Robo Trider G7
6303,Perman
23,Ring ni Kakero 1
47391,Seven Knights Revolution: Eiyuu no Keishousha
2699,Uchuu Kaizoku Mito no Daibouken
1607,Venus Versus Virus
4459,Ojarumaru
6674,Reporter Blues
1048,The SoulTaker: Tamashii-gari
37799,Tokyo Ghoul:re 2nd Season
36267,Uchuu Senkan Tiramisù
32301,Active Raid: Kidou Kyoushuushitsu Dai Hachi Gakari 2nd
4667,B-Legend! Battle B-Daman Fire Spirits!
31049,Beyblade Burst
15547,Cross Fight B-Daman eS
39811,Fairy Gone 2nd Season
3839,Himitsu no Akko-chan 3
3435,Joou Heika no Petite Angie
40893,Komatta Jiisan
23897,Lovely Movie: Itoshi no Muco
9936,Maken-Ki!
5311,Astroganger
41283,Cardfight!! Vanguard Gaiden: If
30485,ChäoS;Child
909,Geneshaft
5250,God Mazinger
36784,Hataraku Onii-san!
5129,Jikuu Boukenki Zentrix
27721,Kasumin
31566,Ketsuekigata-kun! 3
25283,Kuusen Madoushi Kouhosei no Kyoukan
576,Magikano
4132,Wakakusa no Yon Shimai
184,Xenosaga The Animation
20931,Oneechan ga Kita
9916,Samurai Giants
10073,Seikon no Qwaser II
7522,Taichi Senjimon
5833,Tondemo Senshi Muteking
19151,Walkure Romanze
42506,World Witches Hasshin Shimasu!
6919,X-Men
10015,Yu☆Gi☆Oh! Zexal
8436,Animentary: Ketsudan
3166,Ayakashi
2156,Bakugan Battle Brawlers
1673,Bomberman B-Daman Bakugaiden Victory
40850,Breakers
3433,Go-Q-Choji Ikkiman
6117,Gokujou!! Mecha Mote Iinchou
3146,GR: Giant Robo
35183,Gurazeni
5725,Kodai Ouja Kyouryuu King: Yokuryuu Densetsu
3878,Mahou Shoujo Lalabel
1666,Babel Nisei
159,Boukyaku no Senritsu
4975,ChäoS;HEAd
39523,Choujin Koukousei-tachi wa Isekai demo Yoyuu de Ikinuku you desu!
